"Region (District)","County","Business (Does Business As – DBA) Name","Facility Location Address","Facility Location City","Facility Location Zip Code","Facility Phone Number","Facility Email Address","Plan Review Status Plan","Review Application Date","Plan Review Date of Review","Type of Plan Review Application","Type of Facility (Rank)","File Number","Application Number","License Number ","Transaction","Variance","Mailing Name","Mailing Address","Mailing City","Mailing State","Mailing Zip Code","Mailing Country","Contact Phone Number","Contact Email Address","Alternate Phone Number","Alternate Email Address"
"D4","Brevard","CHEF AND SUMMERS DREAM KITCHEN","739 G NORTH DR","MELBOURNE","32934","","","Approved with Provisos","03/06/2026","03/20/2026","New Construction","Catering","13642","55316","1505697","1034/Plan Review and Initial (COMBO)","n/a","CHEF'S SUMMER DREAM KITCHEN LLC","170 S PINEHURST AVE","MELBOURNE","FL","32940","US","321-720-4745","LUCAS.HANDRAHAN@GMAIL.COM","321-720-4745","LUCAS.HANDRAHAN@GMAIL.COM"
"D4","Brevard","WALLS BANGIN BBQ","1000 HOLMES ST","COCOA","32922","3215939213","banginbbq321@gmail.com","In process","06/24/2026","","","Catering","13929","56656","1505702","1030/Initial Plan Review","n/a","WALLS BANGIN BBQ","4034 KALONG DR","COCOA","FL","32927","US","3215939213","banginbbq321@gmail.com","3215939213","banginbbq321@gmail.com"
"D4","Brevard","SUMMA PLATES","1180 MALABAR RD SE","PALM BAY","32907","","Mmireus4@gmail.com","Approved with Provisos","04/09/2025","04/24/2025","New Vehicle","Mobile MFDV","68641","237056","1551072","1036/Plan Review and Initial (COMBO MFDV)","n/a","SUMMA PLATES","2149 ROCKABYE AVE","PALM BAY","FL","32909","US","321-334-8706","MMIREUS1@GMAIL.COM","321-334-8706","MMIREUS1@GMAIL.COM"
"D4","Brevard","CRYDERMANS BARBECUE","401 FLORIDA AVE","COCOA","32922","","Amy@crydermansbarbecue.com","Approved with Provisos","04/16/2025","04/18/2025","New Vehicle","Mobile MFDV","68721","237383","1551065","1036/Plan Review and Initial (COMBO MFDV)","n/a","CRYDERMANS BARBECUE FOOD TRUCK DIVISION LLC","401 FLORIDA AVE","COCOA","FL","32922","US","","Amy@crydermansbarbecue.com","","Amy@crydermansbarbecue.com"
"D4","Brevard","PEBBLES KITCHEN","3995 US1 S","COCOA","32926","321.693.7442","GBILLINGS79@GMAIL.COM","Approved with Provisos","04/17/2025","04/23/2025","New Vehicle","Mobile MFDV","68747","237480","1551067","1036/Plan Review and Initial (COMBO MFDV)","n/a","GLORIUS BILLINGS","3340 TESTIMONY ST","MELBOURNE","FL","32801","US","321.693.7442","GBILLINGS79@GMAIL.COM","3216937442","GBILLINGS79@GMAIL.COM"
"D4","Brevard","SURF DOGS","3280 SUNTREE BLVD STE 105","MELBOURNE","32940","","","Approved","04/21/2025","04/21/2025","New Vehicle","Mobile MFDV","68610","237613","1551064","1032/Initial MFDV Plan Review","n/a","DD ANALYTICS LLC","1574 QUIESCENT LN","SEBASTIAN","FL","32958","US","7322334854","jason@surfdogs.xyz","7322334854","jason@surfdogs.xyz"
"D4","Brevard","FORT GRILL","2100 S  ORLANDO AVE","COCOA BEACH","32931","5616448353","ymlotfi@yahoo.com","Approved","04/24/2025","04/24/2025","New Vehicle","Mobile MFDV","68694","237854","1551066","1032/Initial MFDV Plan Review","n/a","MARHABA CUISINE INC.","4521 NORTH FORT CHRISTMAS RD","CHRISTMAS","FL","32709","US","5616448353","YMLOTFI@YAHOO.COM","5616448353","YMLOTFI@YAHOO.COM"
"D4","Brevard","SALTY SURFER SCRATCH KITCHEN","1240 N HWY A1A","INDIALANTIC","32903","321-501-9140","tscfoods@yahoo.com","Approved with Provisos","05/05/2025","05/15/2025","New Vehicle","Mobile MFDV","68975","238366","1551068","1036/Plan Review and Initial (COMBO MFDV)","n/a","SALTY SURFER SCRATCH KITCHEN LLC","1772 KILLIAN DR NE","PALM BAY","FL","32905","US","917-697-9310","","",""
"D4","Brevard","STREETSIDE CHEF","1619 FERNDALE AVE","MELBOURNE","32935","720-400-6324","JEFFHALL@DAILYBREADINC.ORG","Approved with Provisos","05/08/2025","05/16/2025","New Vehicle","Mobile MFDV","69021","238534","1551069","1036/Plan Review and Initial (COMBO MFDV)","n/a","DAILY BREAD INC","17 E. HIBISCUS BLVD","MELBOURNE","FL","32901","US","720-400-6324","JEFFHALL@DAILYBREADINC.ORG","720-400-6324","JEFFHALL@DAILYBREADINC.ORG"
"D4","Brevard","DONUT BARON","2001 S HARBOR CITY BLVD, EVA LA CUBANITA","MELBOURNE","32901","407977541","dariya@me.com","Approved with Provisos","05/13/2025","06/23/2025","New Vehicle","Mobile MFDV","69088","238749","1551091","1036/Plan Review and Initial (COMBO MFDV)","n/a","PERETTA RONALD AND PERETTA DARIYA","4098  STATION DR, 104","ROCKLEDGE ","FL","32955","US","386-212-1759","dariya@me.com","(386) 212-1759","dariya@me.com"
"D4","Brevard","DONUT BARON","2001 S HARBOR CITY BLVD, EVA LA CUBANITA","MELBOURNE","32901","407977541","dariya@me.com","","05/13/2025","","","Mobile MFDV","69088","238749","1551091","1036/Plan Review and Initial (COMBO MFDV)","n/a","PERETTA RONALD AND PERETTA DARIYA","4098  STATION DR, 104","ROCKLEDGE ","FL","32955","US","386-212-1759","dariya@me.com","(386) 212-1759","dariya@me.com"
"D4","Brevard","SHE BANGG WINGS AND THINGS","4590 BABCOCK ST NE STE 105, VIN# 3930","PALM BAY","32905","321-423-0322","Info@orlandocaterers.com","Approved with Provisos","05/15/2025","05/22/2025","New Vehicle","Mobile MFDV","69128","238926","5856550","1036/Plan Review and Initial (COMBO MFDV)","n/a","SHE BANGG WINGS AND THINGS LLC","4315  PONDS DR","COCOA","FL","32927","US","321-432-3646","shebangg2025@yahoo.com","321-432-3646","shebangg2025@yahoo.com"
"D4","Brevard","LA BRASA HOT INC","1165 SARNO RD ","MELBOURNE ","32935","321.479.8929","Brasahot80@gmail.com","Approved with Provisos","05/22/2025","06/04/2025","New Vehicle","Mobile MFDV","69235","239273","1551073","1036/Plan Review and Initial (COMBO MFDV)","n/a","LA BRASA HOT INC","878 SARNO RD","MELBOURNE","FL","32935","US","321.479.8929","Brasahot80@gmail.com","321.479.8929","Brasahot80@gmail.com"
"D4","Brevard","SWEET TREAT TYME","3280 SUNTREE BLVD STE 105","MELBOURNE","32940","321-501-9140","Tcsfoods@yahoo.com","Approved with Provisos","05/22/2025","06/19/2025","New Vehicle","Mobile MFDV","69250","239322","1551083","1036/Plan Review and Initial (COMBO MFDV)","n/a","SWEET TREAT TYME LLC","715 SEDGEWOOD CIR","MELBOURNE","FL","32904","US","321-795-4458","krystalclevinger@gmail.com","321-795-4458","krystalclevinger@gmail.com"
"D4","Brevard","PITA PYRAMID","2500 PARKWAY DR","MELBOURNE","32935","619-200-2278","","Approved with Provisos","05/25/2025","06/09/2025","New Vehicle","Mobile MFDV","69278","239440","1551071","1036/Plan Review and Initial (COMBO MFDV)","n/a","PITA PYRAMID","718 LUND CIRCLE","MELBOURNE","FL","32901","US","619-200-2278","","",""
"D4","Brevard","SPACE COAST BISTRO","3300 GRISSOM PARKWAY","COCOA","32926","972-757-3337","","Approved with Provisos","06/06/2025","06/18/2025","New Vehicle","Mobile MFDV","69439","240272","1551075","1036/Plan Review and Initial (COMBO MFDV)","n/a","SPACE COAST BISTRO LLC","2042 RALEIGH DR","TITUSVILLE","FL","32780","US","972-757-3337","innconcept71@gmail.com","972-757-3337","innconcept71@gmail.com"
"D4","Brevard","NAUTI DAWGS CATERING","1725 WINDSOR AVE SE","PALM BAY","32909","772-646-3385","Kristycoxfl@gmail.com","Approved with Provisos","06/06/2025","07/10/2025","New Vehicle","Hot Dog","69442","240310","1551084","1035/Plan Review and Initial (COMBO Hot Dog)","n/a","KRISTY COX","1725 WINDSOR AVE SE","PALM BAY","FL","32909","US","772-646-3385","Kristycoxfl@gmail.com","772-646-3385","Kristycoxfl@gmail.com"
"D4","Brevard","SIGNATURE BBQ","217 DIXIE LN","ROCKLEDGE","32955","","","Approved with Provisos","06/09/2025","06/24/2025","New Vehicle","Mobile MFDV","69457","240362","1551139","1032/Initial MFDV Plan Review","n/a","SIGNATURE BBQ LLC","2859 PALISADES DR","PALM BAY","FL","32909","US","321-614-1944","signaturebbq@gmail.com","321-614-1944","signaturebbq@gmail.com"
"D4","Brevard","STICKY FINGERS BBQ LLC","2280 HARRIS AVE, #106","PALM BAY","32905","305.992.2454","Livelifeinprosperity@gmail.com","Approved with Provisos","06/10/2025","06/19/2025","New Vehicle","Mobile MFDV","69467","240394","1551078","1032/Initial MFDV Plan Review","n/a","STICKY FINGERS BBQ LLC","2960 FISHER AVE SE","PALM BAY","FL","32909","US","305.992.2454","Livelifeinprosperity@gmail.com","305.992.2454","Livelifeinprosperity@gmail.com"
"D4","Brevard","ACE'S PHILLIES WINGS AND THINGS","74 N ORLANDO AVE","COCOA BEACH","32931","407.803.3359","colin@ubdent.com","Approved with Provisos","06/10/2025","06/18/2025","New Vehicle","Mobile MFDV","69469","240405","1551074","1036/Plan Review and Initial (COMBO MFDV)","n/a","JTW ENTERTAINMENT LLC","41 N ORLANDO AVE STE 100","COCOA BEACH","FL","32931","US","407.803.3359","colin@ubdent.com","407.803.3359","colin@ubdent.com"
"D4","Brevard","EVE LA CUBANITA","1240 N HWY A1A","INDIALANTIC","32903","407-922-0550","SABORBYEVE@GMAIL.COM","Approved with Provisos","06/12/2025","06/23/2025","New Vehicle","Mobile MFDV","69516","240618","1551076","1036/Plan Review and Initial (COMBO MFDV)","n/a","VIZCAINO EVELYN","4618 LAKE TRUDY DR","SAINT CLOUD","FL","34769","US","407-922-0550","SABORBYEVE@GMAIL.COM","407-922-0550","SABORBYEVE@GMAIL.COM"
"D4","Brevard","HOT AND JUSEY DOG,S LLC","2112 SARNO RD","MELBOURNE","32935","321-501-9140","tcsfoods@yahoo.com","Approved with Provisos","06/18/2025","07/15/2025","New Vehicle","Hot Dog","69595","240860","1551080","1035/Plan Review and Initial (COMBO Hot Dog)","n/a","HOT AND JUSEY DOG,S LLC","3120 INDIAN RIVER DR NE","PALM BAY","FL","32905","US","3213665625","brucebriand68@gmail.com","3213665625","brucebriand68@gmail.com"
"D4","Brevard","RUSKITA EXPRESS","4845 DIXIE HWY NE","PALM BAY","32905","305-993-9051","expressrustika@gmail.com","Approved with Provisos","06/19/2025","09/05/2025","New Vehicle","","69608","240906","","1036/Plan Review and Initial (COMBO MFDV)","n/a","RUSKITA EXPRESS LLC","741 MONTCLAIR RD NE","PALM BAY","FL","32905","US","305-993-9051","expressrustika@gmail.com","305-993-9051","expressrustika@gmail.com"
"D4","Brevard","YUMBO DOGS","2112 SARNO RD","MELBOURNE","32935","321.501.9140","tcsfoods@yahoo.com","Approved with Provisos","06/25/2025","07/10/2025","New Vehicle","Hot Dog","69694","241247","1551081","1035/Plan Review and Initial (COMBO Hot Dog)","n/a","YUMBO DOGS LLC","3110 MARY ST","MELBOURNE","FL","32904","US","321.442.5672","yumbodogs@gmail.com","321.442.5672","yumbodogs@gmail.com"
"D4","Brevard","BASIC HOT DOGS","2112 SARNO RD","MELBOURNE","32935","321-501-9140","DCLINGER14@GMAIL.COM","Approved with Provisos","06/30/2025","08/06/2025","New Vehicle","Hot Dog","69739","241416","1551108","1035/Plan Review and Initial (COMBO Hot Dog)","n/a","BASIC HOT DOGS","2802 BURNHAM LN","MELBOURNE","FL","32940","US","540-759-0725","DCLINGER14@GMAIL.COM","540-759-0725","DCLINGER14@GMAIL.COM"
"D4","Brevard","HAMBURGER PATTY WAGON","1150 MALABAR RD SE, STE 117","PALM BAY","32907","321-409-1111","","Approved with Provisos","07/09/2025","07/17/2025","New Vehicle","Mobile MFDV","69840","241727","1551085","1036/Plan Review and Initial (COMBO MFDV)","n/a","HAMBURGER PATTYS LLC","3217 WALLACE AVE SE","PALM BAY","FL","32909","US","3213811134","Hamburgerpattysinc@gmail.com","3213811134","Hamburgerpattysinc@gmail.com"
"D4","Brevard","CORNBREAD JUNCTION","3085 JUPITER BLVD STE 19","PALM BAY","32909","","","Approved","07/16/2025","07/16/2025","New Vehicle","Mobile MFDV","69795","242008","1551079","1032/Initial MFDV Plan Review","n/a","TIFFANY AUSTIN","256 HOFFER DR NW","PALM BAY","FL","32907","US","3213610973","FLORIDARAISED36@GMAIL.COM","",""
"D4","Brevard","PLAYA BOWLS VIERA","2261 TOWN CENTER AVE #141","MELBOURNE","32940","","PBVIERA@YAHOO.COM","Approved with Provisos","07/21/2025","08/28/2025","New Vehicle","Mobile MFDV","69997","242111","1551098","1036/Plan Review and Initial (COMBO MFDV)","n/a","PB VIERA LLC","2328 CITADEL WAY UNIT 103 BOX 210","MELBOURNE","FL","32940","US","","","",""
"D4","Brevard","OLD SALT PICKLING CO","4900 FL-524","COCOA","32926","321-631-0305","","Approved with Provisos","07/21/2025","07/25/2025","New Vehicle","Mobile MFDV","69998","242223","1551087","1036/Plan Review and Initial (COMBO MFDV)","n/a","OLD SALT PICKLING CO LLC","4920 PINEWOOD PL","COCOA","FL","32926","US","321-266-5284","oldsaltpickles@protonmail.com","321-266-5284","oldsaltpickles@protonmail.com"
"D4","Brevard","HACHI HIBACHI","3280 SUNTREE BLVD STE 105","MELBOURNE","32940","689.230.0959","hachihibachi88@gmail.com","Approved with Provisos","08/05/2025","08/11/2025","New Vehicle","Mobile MFDV","70195","244515","1551086","1036/Plan Review and Initial (COMBO MFDV)","n/a","NURCAHYADI WIDODO","2408 CASONA LN 8101","MELBOURNE","FL","32940","US","689.230.0959","hachihibachi88@gmail.com","689.230.0959","hachihibachi88@gmail.com"
"D4","Brevard","TRISH'S DISHES","5270 BABCOCK ST NE STE 28","PALM BAY","32905","321-848-2498","trishsdishes19@outlook.com","Approved with Provisos","08/08/2025","09/04/2025","New Vehicle","Mobile MFDV","70256","244669","1551135","1036/Plan Review and Initial (COMBO MFDV)","n/a","TRISH'S DISHES LLC","482 TILLMAN AVE SW","PALM BAY","FL","32908","US","321-848-2498","trishsdishes19@outlook.com","321-848-2498","trishsdishes19@outlook.com"
"D4","Brevard","HEAVEN BLESS KITCHEN","4700 BABCOCK ST NE","PALM BAY","32905","321-802-9004","","Approved with Provisos","08/09/2025","08/29/2025","New Vehicle","Mobile MFDV","70284","244707","1551093","1036/Plan Review and Initial (COMBO MFDV)","n/a","BENNETT JAHMARIE","490 NEWGATE ST NW","PALM BAY","FL","32907","US","321-872-5924","","321-872-5924",""
"D4","Brevard","SOUL DELICIOUS LLC","3280 SUNTREE BLVD STE 105","MELBOURNE","32940","321.609.7197","SOULDELICIOUS2024@GMAIL.COM","Approved with Provisos","08/19/2025","09/22/2025","New Vehicle","Mobile MFDV","70400","245054","1551097","1036/Plan Review and Initial (COMBO MFDV)","n/a","SOUL DELICIOUS LLC","420 MONROE RD","ROCKLEDGE","FL","32955","US","321.609.7197","SOULDELICIOUS2024@GMAIL.COM","321.609.7197","SOULDELICIOUS2024@GMAIL.COM"
"D4","Brevard","ROAD KILL MOBILE KITCHEN LLC","1107 MALABAR RD","PALM BAY","32907","","","Approved with Provisos","08/20/2025","08/29/2025","New Vehicle","Mobile MFDV","70457","245206","1551103","1036/Plan Review and Initial (COMBO MFDV)","n/a","ROAD KILL MOBILE KITCHEN LLC","1093 WACO BLVD SE","PALM BAY","FL","32909","US","321-216-6910","EAGLEFREE21@AOL.COM","321-216-6910","EAGLEFREE21@AOL.COM"
"D4","Brevard","WAHLBURGERS","2075 VIERA BLVD ","ROCKLEDGE","32955","","","Approved with Provisos","08/27/2025","09/03/2025","New Vehicle","Mobile MFDV","70517","245370","1551094","1036/Plan Review and Initial (COMBO MFDV)","n/a","ADAPTIV PROVISIONS LLC","4300 S US HWY 1 STE 203-125","JUPITER","FL","33477","US","","brianna.pfister@bizboxgroup.com","",""
"D4","Brevard","SO MASARAP! LLC","820 BARNES BLVD","ROCKLEDGE","32955","","","Approved","08/29/2025","08/29/2025","New Vehicle","Mobile MFDV","70385","245471","1551088","1032/Initial MFDV Plan Review","n/a","SO MASARAP! LLC","2990 S FISKE BLVD #I5","ROCKLEDGE","FL","32955","US","","","",""
"D4","Brevard","DIA Y NOCHE LATIN FOOD","3280 SUNTREE BLVD STE 105","MELBOURNE","32940","","","Approved","09/03/2025","09/03/2025","New Vehicle","Mobile MFDV","70352","245607","1551089","1032/Initial MFDV Plan Review","n/a","CASTILLO AMANDA","93 EVELYN DR","MELBOURNE","FL","32934","US","","","",""
"D4","Brevard","SPACE COAST SPUDS & SUBS","1240 N HWY A1A","INDIALANTIC","32903","321.322.8489","scspudssubs@gmail.com","Approved with Provisos","09/09/2025","09/17/2025","New Vehicle","Mobile MFDV","70678","245835","1551095","1036/Plan Review and Initial (COMBO MFDV)","n/a","SCHRAUGER ERIK AND KAHN DARLENE","716 RYAN AVE","MELBOURNE","FL","32935","US","321.322.8489","scspudssubs@gmail.com","321.322.8489","scspudssubs@gmail.com"
"D4","Brevard","MANDO'S COFFEE","1440 SPORTSMAN LN NE","PALM BAY","32905","772-297-7204","mandoscoffeellc@gmail.com","Approved with Provisos","09/19/2025","09/26/2025","New Vehicle","Mobile MFDV","70814","246237","1551110","1036/Plan Review and Initial (COMBO MFDV)","n/a","MANDO'S COFFEE LLC","7936 105 CT","VERO BEACH","FL","32967","US","772-297-7204","mandoscoffeellc@gmail.com","813-444-2976","MANDOSCOFFEE1@GMAIL.COM"
"D4","Brevard","YOUR DAILY BREAD","3434 S WASHINGTON AVE","TITUSVILLE","32780","","","Approved with Provisos","09/22/2025","10/07/2025","New Vehicle","Hot Dog","70852","246369","1550973","3020/Request to Change Owner (HTDG)","n/a","CELERY SAM AND THE BANANA MAN","212 ROCKET RD","TITUSVILLE","FL","32780","US","315-807-9264","D_M_SZABO@HOTMAIL.COM","315-807-9264","D_M_SZABO@HOTMAIL.COM"
"D4","Brevard","ROCKET DOGS","3280 SUNTREE BLVD STE 105","MELBOURNE","32940","321-501-9140","tcsfoods@yahoo.com","Approved with Provisos","09/29/2025","10/09/2025","New Vehicle","Hot Dog","70933","246681","1551102","1035/Plan Review and Initial (COMBO Hot Dog)","n/a","FA & AG LLC","3750 W RAILROAD AVE","COCOA","FL","32926","US","321-604-5689","FGAINCLLC@GMAIL.COM","321-604-5689","FGAINCLLC@GMAIL.COM"
"D4","Brevard","ROCKET DOGS","3280 SUNTREE BLVD STE 105","MELBOURNE","32940","321-501-9140","tcsfoods@yahoo.com","","09/29/2025","","","Hot Dog","70933","246681","1551102","1035/Plan Review and Initial (COMBO Hot Dog)","n/a","FA & AG LLC","3750 W RAILROAD AVE","COCOA","FL","32926","US","321-604-5689","FGAINCLLC@GMAIL.COM","321-604-5689","FGAINCLLC@GMAIL.COM"
"D4","Brevard","BIGG SQUEEZE FRESH LEMONADE LLC","3300 GRISSON PKWY","COCOA","32926","3214125205","biggsqueezelemonade@yahoo.com","Approved with Provisos","10/02/2025","10/07/2025","New Vehicle","Mobile MFDV","70983","249227","1550901","3021/Request to Change Owner (MFDV)","n/a","BIGG SQUEEZE FRESH LEMONADE LLC","880 GLADIOLA APT 158","ROCKLEDGE","FL","32955","US","3214125205","biggsqueezelemonade@yahoo.com","3214125205","biggsqueezelemonade@yahoo.com"
"D4","Brevard","BIGG SQUEEZE FRESH LEMONADE LLC","3300 GRISSON PKWY","COCOA","32926","3214125205","biggsqueezelemonade@yahoo.com","","10/02/2025","","","Mobile MFDV","70983","249227","1550901","3021/Request to Change Owner (MFDV)","n/a","BIGG SQUEEZE FRESH LEMONADE LLC","880 GLADIOLA APT 158","ROCKLEDGE","FL","32955","US","3214125205","biggsqueezelemonade@yahoo.com","3214125205","biggsqueezelemonade@yahoo.com"
"D4","Brevard","CORNDOG COMPANY OF CENTRAL FLORIDA","650 N WICKHAM RD","MELBOURNE","32935","","","Approved with Provisos","10/02/2025","10/13/2025","New Vehicle","Mobile MFDV","70994","249273","1551101","1036/Plan Review and Initial (COMBO MFDV)","n/a","THE CORNDOG COMPANY OF CENTRAL FLORIDA LLC","2270 SEMINOLE BLVD","MELBOURNE","FL","32904","US","321-497-3582","corndogcompanycentralfl@gmail.com","321-497-3582","corndogcompanycentralfl@gmail.com"
"D4","Brevard","STOKD KITCHEN","2112 SARNO RD","MELBOURNE","32935","321-501-9140","","Approved with Provisos","10/06/2025","10/06/2025","New Vehicle","Mobile MFDV","70944","249390","1551099","1032/Initial MFDV Plan Review","n/a","STOKD KITCHEN LLC","","","","","","217-622-4655","","",""
"D4","Brevard","PARIS CREPERIE LLC","2112 SARNO RD","MELBOURNE","32935","321-989-7285","tcsfoods@yahoo.com","Approved","10/16/2025","10/16/2025","New Vehicle","Mobile MFDV","71159","249949","1551100","1032/Initial MFDV Plan Review","n/a","PARIS CREPERIE LLC","732 SEA PALM LN","SATELLITE BEACH","FL","32937","US","321-989-7285","pariscreperiefl@gmail.com","321-989-7285","pariscreperiefl@gmail.com"
"D4","Brevard","IDK FOOD TRUCK","2112 SARNO RD","MELBOURNE","32935","321-501-9140","TCSfoods@yahoo.com","Approved with Provisos","10/28/2025","11/10/2025","New Vehicle","Mobile MFDV","71360","250527","1551106","1036/Plan Review and Initial (COMBO MFDV)","n/a","IDK FOOD TRUCK","416 BALSAM AVE","TITUSVILLE","FL","32796","US","586-744-6783","Michelle02779@yahoo.com","586-744-6783","Michelle02779@yahoo.com"
"D4","Brevard","VENPACA CAFE FOODTRUCK","1390 US 1","MALABAR","32950","3219616717","venpacacafe@gmail.com","Approved","11/03/2025","11/05/2025","","Mobile MFDV","71422","250773","1550962","3021/Request to Change Owner (MFDV)","n/a","VENPACACAFEII LLC","6001 DEER LN","COCOA","FL","32927","US","3219616717","venpacacafe@gmail.com","3219616717","venpacacafe@gmail.com"
"D4","Brevard","BBQ BRAZIL PARTY","4700 BABCOCK ST STE 1","PALM BAY","32905","305.988.5774","LOCOTROMPO@YAHOO.COM","Approved with Provisos","11/03/2025","12/10/2025","New Vehicle","","71431","250789","","1036/Plan Review and Initial (COMBO MFDV)","n/a","BBQ BRAZIL PARTY LLC","1346 CORAL REEF AVE NW","PALM BAY","FL","32907","US","305-988-5774","LAGORDAYELPIRATA@YAHOO.COM","305-988-5774","LAGORDAYELPIRATA@YAHOO.COM"
"D4","Brevard","SALTY SISTERS","24 N BREVARD AVE","COCOA BEACH","32931","321-720-9905","","Approved with Provisos","11/05/2025","12/04/2025","New Vehicle","Mobile MFDV","71474","250905","1551112","1036/Plan Review and Initial (COMBO MFDV)","n/a","KEPT RIGHT INC","305 SURF DR","CAPE CANAVERAL","FL","32920","US","321-302-6743","SALTYSISTERSCB@GMAIL.COM","321-302-6743","SALTYSISTERSCB@GMAIL.COM"
"D4","Brevard","CHEE HOO'S HAWAIIAN BBQ","1890 N COURTENAY PKWY","MERRITT ISLAND","32953","321-488-4892","","Approved with Provisos","11/06/2025","11/19/2025","New Vehicle","Mobile MFDV","71490","250959","1551114","1036/Plan Review and Initial (COMBO MFDV)","n/a","CHEE HOOS LLC","2315 SYKES CREEK DR","MERRITT ISLAND","FL","32953","US","321-431-3236","cheehooshawaiianbbq@gmail.com","321-431-3236","cheehooshawaiianbbq@gmail.com"
"D4","Brevard","GJZ RICE RICE BABY","2112 SARNO RD","MELBOURNE","32935","","","Approved with Provisos","11/07/2025","11/19/2025","New Vehicle","Mobile MFDV","71501","251009","1551105","1032/Initial MFDV Plan Review","n/a","GJZ RICE RICE BABY LLC","404 HARRISON APT 11","CAPE CANAVERAL","FL","32920","US","321-577-4018","zackarylafountain22@gmail.com","321-577-4018","zackarylafountain22@gmail.com"
"D4","Brevard","COFFEE CARAVAN BY OTILICIOUS","2002 S HARBOR CITY BLVD","MELBOURNE","32901","772-708-0999","otiliciousvero@gmail.com","Approved with Provisos","11/07/2025","11/20/2025","New Vehicle","Mobile MFDV","71511","251039","4150184","1036/Plan Review and Initial (COMBO MFDV)","n/a","OTILICIOUS LLC","6850 S HWY 1","GRANT","FL","32949","US","772.708.0999","lucianacrepair@gmail.com","772.708.0999","lucianacrepair@gmail.com"
"D4","Brevard","COASTAL MARKET COCOA BERACH","35 N BREVARD AVE","COCOA BEACH","32931","33218632189","ifly93t@aol.com","Approved with Provisos","11/14/2025","11/20/2025","New Vehicle","Mobile MFDV","71594","251346","1551074","3021/Request to Change Owner (MFDV)","n/a","COASTAL MARKET COCOA BEACH","","","","","","33218632189","ifly93t@aol.com","",""
"D4","Brevard","NEPHEW'S THE GRUB","2500 PARKWAY DR","MELBOURNE","32935","407.732.3200","nephewgrub321@gmail.com","Approved with Provisos","11/14/2025","01/12/2026","New Vehicle","Mobile MFDV","71599","251369","1551115","1036/Plan Review and Initial (COMBO MFDV)","n/a","NEPHEWS LLC","701 TARR AVE SW","PALM BAY","FL","32908","US","407.732.3200","nephewgrub321@gmail.com","407.732.3200","nephewgrub321@gmail.com"
"D4","Brevard","BURGER BUDDIES","300 W COCOA BEACH CSWY","COCOA BEACH","32931","407.666.5001","LOCOTROMPO@YAHOO.COM","Approved with Provisos","11/19/2025","11/19/2025","New Vehicle","Mobile MFDV","71553","251590","1551104","1032/Initial MFDV Plan Review","n/a","BEACHSIDE RESTAURANT LLC","","","","","","321.689.3646","LAGORDAYELPIRATA@YAHOO.COM","",""
"D4","Brevard","TAQUERIA 321","3565  JUPITER BLVD SE","PALM BAY","32909","321-890-9034","","Approved with Provisos","11/26/2025","12/09/2025","New Vehicle","Mobile MFDV","71738","251940","1551111","1036/Plan Review and Initial (COMBO MFDV)","n/a","TAQUERIA 321 LLC","729 EVERGLADE AVE SE","PALM BAY","FL","32909","US","772-480-7536","","772-480-7536",""
"D4","Brevard","CRAVE FEEL THE LATIN FLAVOR","1452 BELAIRE LN NE","PALM BAY","32905","407-738-5571","CRAVEISLANDFLAVOR@gmail.com","Approved with Provisos","12/03/2025","12/18/2025","New Vehicle","Mobile MFDV","71787","254461","7451120","1036/Plan Review and Initial (COMBO MFDV)","n/a","LUX LOUNGE & BAR BY LIAN LLC","1452  BELLAIRE LANE NE","PALM BAY","FL","32905","US","407.338.2265","luxloungeandbar@gmail.com","407-401-6239","luxloungeandwaiver@gmail.com"
"D4","Brevard","17ST LEGENDS XPRESS","3270 SUNTREE BLVD","MELBOURNE","32940","","","Approved with Provisos","12/04/2025","12/15/2025","New Vehicle","Mobile MFDV","71812","254549","1551113","1036/Plan Review and Initial (COMBO MFDV)","n/a","ARCELAY URENA LLC","720 CECELIA AVE SE","PALM BAY","FL","32909","US","407-485-7780","moisesarcelay3@yahoo.com","407-675-1909","moisesarcelay3@yahoo.com"
"D4","Brevard","NY CUBAN HOT & MORE","3565 JUPITER BLVD SE UNIT 4","PALM BAY","32909","","","Approved with Provisos","12/02/2025","12/12/2025","New Vehicle","Mobile MFDV","71824","254587","1551109","1032/Initial MFDV Plan Review","n/a","ALBERTO ANTHONY SARMIENTO","1467 HYACINTH ST NE","PALM BAY","FL","32907","US","321-451-3088","ALCUBANO369@GMAIL.COM","321-451-3088","ALCUBANO369@GMAIL.COM"
"D4","Brevard","ITIS","416 N HARBOR CITY BLVD","MELBOURNE","32935","","","Approved with Provisos","12/09/2025","12/31/2025","New Vehicle","Mobile MFDV","71874","254749","1551116","1036/Plan Review and Initial (COMBO MFDV)","n/a","INCONTROLENTERPRISES","1150 MALABAR RD, STE 111, PMB 170","PALM BAY","FL","32907","US","","ice@incontrolenterprises.com","850-966-1156","ice@incontrolenterprises.com"
"D4","Brevard","OUT OF THIS WORLD SPACE COAST","700 W NEW HAVEN AVE","MELBOURNE","32901","","","Approved with Provisos","12/27/2025","01/12/2026","New Vehicle","Mobile MFDV","72029","255371","1551132","1036/Plan Review and Initial (COMBO MFDV)","n/a","OUT OF THIS WORLD SPACE COAST LLC","2305 DAIRY RD","MELBOURNE","FL","32904-5245","US","321-479-7019","","321-479-7019",""
"D4","Brevard","TAYYIB EATS","2850 S HOPKINS AVE ","TITUSVILLE","32780","","","Approved with Provisos","12/30/2025","02/23/2026","New Vehicle","","72048","255435","","1036/Plan Review and Initial (COMBO MFDV)","n/a","HANIFAH BAHMEIT & ROYYAN BADEGES","19618 STARRY ST","ORLANDO","FL","32833","US","321.401.7030","tayyibeats@gmail.com","321.401.7030","tayyibeats@gmail.com"
"D4","Brevard","CORTEZ TACOS","3085 JUPITER BLVD ","PALM BAY","32909","321-746-7045","corteztacos25@gmail.com","Approved with Provisos","12/30/2025","01/13/2026","New Vehicle","Mobile MFDV","72051","255443","1551117","1036/Plan Review and Initial (COMBO MFDV)","n/a","CORTEZ TACOS LLC","261 SARAH RD SW","PALM BAY","FL","32908","US","321-497-6718","corteztacos25@gmail.com","321-497-6718","corteztacos25@gmail.com"
"D4","Brevard","WEL SR ENTERPRISE","2112 SARNO RD","MELBOURNE","32935","321-501-9140","busterbbqgrill@gmail.com","Approved with Provisos","12/31/2025","01/13/2026","New Vehicle","Mobile MFDV","72069","255528","1551118","1036/Plan Review and Initial (COMBO MFDV)","n/a","BUSTER BBQ AND GRILL LLC","3274 TARRAGON ST","COCOA","FL","32926","US","334-294-0394","busterbbqgrill@gmail.com","334-294-0394","busterbbqgrill@gmail.com"
"D4","Brevard","ESQUINA CIBAO RD","1900 EMERSON DR SE","PALM BAY","32909","321-557-3882","Esquinadelcibaord@gmail.com","Approved with Provisos","02/04/2026","03/05/2026","New Vehicle","Mobile MFDV","72491","259665","1550885","3021/Request to Change Owner (MFDV)","n/a","ESQUINA CIBAO RD LLC","3428 JUPITER BLVD SE","PALM BAY","FL","32909","US","321-405-7343","Esquinadelcibaord@gmail.com","321-405-7343","Esquinadelcibaord@gmail.com"
"D4","Brevard","LEXI'S LOBSTER ROLLS","2112 SARNO RD","MELBOURNE","32935","321-501-9140","","Approved with Provisos","02/17/2026","03/17/2026","New Vehicle","Mobile MFDV","72664","260291","1551147","1036/Plan Review and Initial (COMBO MFDV)","n/a","LEXIS LOBSTER ROLLS LLC","243 LANSING ISLAND DR","SATELLITE BEACH","FL","32937","US","321-848-8211","","321-848-8211",""
"D4","Brevard","TACOMANIACS","5150 W KING ST","COCOA","32926","3216097649","tacoboutoullc@gmail.com","Approved with Provisos","02/21/2026","02/25/2026","New Vehicle","Mobile MFDV","72699","260448","1550663","3021/Request to Change Owner (MFDV)","n/a","TACOBOUT OU LLC","","","","","","3216097649","tacoboutoullc@gmail.com","",""
"D4","Brevard","BROWN SUGAR & HONEY BAKERY","2112 SARNO RD","MELBOURNE","32935","321-501-9140","Tcsfoods@yahoo.com","Approved with Provisos","02/24/2026","03/05/2026","New Vehicle","Mobile MFDV","72742","260599","1551120","1036/Plan Review and Initial (COMBO MFDV)","n/a","TRINIJAM LLC","1391 CYPRESS TRACE DR","MELBOURNE","FL","32940","US","954-380-2257","Trinijamllc@yahoo.com","954-380-2257","Trinijamllc@yahoo.com"
"D4","Brevard","HOUSE OF BRUNCH LLC","2595 PALM BAY RD NE","PALM BAY","32905","321-960-2465","","Approved with Provisos","02/25/2026","02/25/2026","New Vehicle","Mobile MFDV","72676","260628","1551119","1032/Initial MFDV Plan Review","n/a","HOUSE OF BRUNCH LLC","","","","","","321-960-2465","CHEF@HOUSEOFBRUNCH321.COM","",""
"D4","Brevard","HAKS GRILL & SMOKE BBQ SHACK","605 S HOPKINS AVE","TITUSVILLE","32796","321-603-0211","lancefriedel@rocket-mail.com","Approved with Provisos","02/26/2026","03/09/2026","New Vehicle","Mobile MFDV","72782","260739","1551144","1036/Plan Review and Initial (COMBO MFDV)","n/a","HAKS GRILL & SMOKE BBQ SHACK","5969 VERMONT ST","MIMS","FL","32754","US","321-208-2428","tinareneehakanen1975@gmail.com","321-208-2428","tinareneehakanen1975@gmail.com"
"D4","Brevard","HAKS GRILL & SMOKE BBQ SHACK","605 S HOPKINS AVE","TITUSVILLE","32796","321-603-0211","lancefriedel@rocket-mail.com","","02/26/2026","","","Mobile MFDV","72782","260739","1551144","1036/Plan Review and Initial (COMBO MFDV)","n/a","HAKS GRILL & SMOKE BBQ SHACK","5969 VERMONT ST","MIMS","FL","32754","US","321-208-2428","tinareneehakanen1975@gmail.com","321-208-2428","tinareneehakanen1975@gmail.com"
"D4","Brevard","BRANCH HOTDOGS AND TATERS","1890 N COURTENAY PKWY","MERRITT ISLAND","32953","321-474-5837","Thebranchdogsntaters@gmail.com","Approved with Provisos","03/02/2026","03/03/2026","New Vehicle","Mobile MFDV","72814","260888","1550917","3021/Request to Change Owner (MFDV)","n/a","SOUTH BRANCH PROVISIONS LLC","","","","","","321-474-5837","Thebranchdogsntaters@gmail.com","",""
"D4","Brevard","OTB EATZ","2500 PARKWAY DR","MELBOURNE","32935","321.255.4307","","Approved with Provisos","03/04/2026","03/18/2026","New Vehicle","","72845","261045","","1036/Plan Review and Initial (COMBO MFDV)","n/a","OTB EATZ LLC","2355 FLORIDIANE DR","MELBOURNE","FL","32935","US","404.955.3482","stuartbrown758@gmail.com","404.955.3482","stuartbrown758@gmail.com"
"D4","Brevard","JIMMY DIOGEE'S","3200 DIXIE HWY NE STE 3 & 4","PALM BAY","32905","321-334-9323","","Approved with Provisos","03/04/2026","03/16/2026","New Vehicle","Hot Dog","72851","261056","1551121","1035/Plan Review and Initial (COMBO Hot Dog)","n/a","JIMMY DIOGEE'S LLC","2560 VERNON DR NE","PALM BAY","FL","32905","US","321-290-5919","sellstatejames@yahoo.com","321-290-5919","sellstatejames@yahoo.com"
"D4","Brevard","MOBILE KREWE 22","500 BARTON BLVD #2","ROCKLEDGE","32955","","","Approved with Provisos","03/11/2026","03/31/2026","New Vehicle","Mobile MFDV","72957","261419","1551136","1036/Plan Review and Initial (COMBO MFDV)","n/a","MOBILE KREWE 22","500 BARTON BLVD #2","ROCKLEDGE","FL","32955","US","321-536-4421","mobilekrewe22@yahoo.com","321-536-4421","mobilekrewe22@yahoo.com"
"D4","Brevard","MOBILE KREWE 22","500 BARTON BLVD #2","ROCKLEDGE","32955","","","","03/11/2026","","","Mobile MFDV","72957","261419","1551136","1036/Plan Review and Initial (COMBO MFDV)","n/a","MOBILE KREWE 22","500 BARTON BLVD #2","ROCKLEDGE","FL","32955","US","321-536-4421","mobilekrewe22@yahoo.com","321-536-4421","mobilekrewe22@yahoo.com"
"D4","Brevard","KRIS' STREET DOGS","2112 SARNO RD","MELBOURNE","32935","321-501-9140","tcsfoods@yahoo.com","Approved with Provisos","03/11/2026","03/26/2026","New Vehicle","Hot Dog","72958","261456","1551124","1035/Plan Review and Initial (COMBO Hot Dog)","n/a","KRIS' STREET DOGS LLC","450 TILLMAN AVE SW","PALM BAY","FL","32908","US","321-223-0531","kristin.krieger@outlook.com","321-223-0531","kristin.krieger@outlook.com"
"D4","Brevard","MAREZCAFE","2112 SARNO RD","MELBOURNE","32935","321.429.8805","edwin.maldonado@marezcafe.com","Approved with Provisos","03/12/2026","03/19/2026","New Vehicle","Mobile MFDV","72976","261496","1551128","1036/Plan Review and Initial (COMBO MFDV)","n/a","MAREZ LLC","4115 ANLOW RD","MELBOURNE","FL","32904","US","321.429.8805","edwin.maldonado@marezcafe.com","321.429.8805","edwin.maldonado@marezcafe.com"
"D4","Brevard","WAHLBURGERS","5100 N WICKHAM RD","MELBOURNE","32940","","","Approved with Provisos","03/17/2026","03/26/2026","New Vehicle","Mobile MFDV","73019","261668","1551126","1036/Plan Review and Initial (COMBO MFDV)","n/a","ADAPTIV PROVISIONS LLC","911 OCEAN DR APT 306","JUNO BEACH","FL","33408","US","951-234-2470","brianna.pfister@bizboxgroup.com","951-234-2470","brianna.pfister@bizboxgroup.com"
"D4","Brevard","JRV MOBILE FOOD AND CATERING","2112 SARNO RD","MELBOURNE","32935","321-501-9140","tcjshea@yahoo.com","Approved with Provisos","03/17/2026","03/25/2026","New Vehicle","Mobile MFDV","72892","261673","1551125","1036/Plan Review and Initial (COMBO MFDV)","n/a","JACK MALONE","110 DAHL AVE APT B","SEBASTIAN","FL","32958","US","321-863-0805","jdmalo@icloud.com","321-863-0805","jdmalo@icloud.com"
"D4","Brevard","CHERIS STREET DOGS","6165 BABCOCK RD","PALM BAY","32908","954.477.2949","cherisstreetdogs1@yahoo.com","Approved with Provisos","03/17/2026","03/25/2026","New Vehicle","Mobile MFDV","73031","261699","1551122","1032/Initial MFDV Plan Review","n/a","CHERIS STREET DOGS LLC","1449 WICHITA BLVD , SE","PALM BAY","FL","32909","US","9544772949","cherisstreetdogs1@yahoo.com","9544772949","cherisstreetdogs1@yahoo.com"
"D4","Brevard","CHERIS STREET DOGS","6165 BABCOCK RD","PALM BAY","32908","954.477.2949","cherisstreetdogs1@yahoo.com","","03/17/2026","","","Mobile MFDV","73031","261699","1551122","1032/Initial MFDV Plan Review","n/a","CHERIS STREET DOGS LLC","1449 WICHITA BLVD , SE","PALM BAY","FL","32909","US","9544772949","cherisstreetdogs1@yahoo.com","9544772949","cherisstreetdogs1@yahoo.com"
"D4","Brevard","ROCKET DOGS","2112 SARNO RD","MELBOURNE","32935","321.501.9140","Tcsfoods@yahoo.com","Approved with Provisos","03/17/2026","04/02/2026","New Vehicle","Hot Dog","73033","261707","1551129","1035/Plan Review and Initial (COMBO Hot Dog)","n/a","FA & AG LLC","3750 W RAILROAD AVE","COCOA","FL","32926","US","443.810.4580","FGAINCLLC@GMAIL.COM","443.810.4580","FGAINCLLC@GMAIL.COM"
"D4","Brevard","IDEAL STREET CREPES & MORE LLC","1301 E UNIVERSITY BLVD","MELBOURNE","32901","651-757-5292","mohamud.isaq@gmail.com","Approved with Provisos","03/18/2026","04/07/2026","New Vehicle","Mobile MFDV","73054","261787","1551141","1036/Plan Review and Initial (COMBO MFDV)","n/a","THE IDEAL STREET CREPES & MORE LLC","2039 IXORA DR W","MELBOURNE","FL","32935","US","651-757-5292","mohamud.isaq@gmail.com","651-757-5292","mohamud.isaq@gmail.com"
"D4","Brevard","SHOGUN OF HOTDOGS","4590 BABCOCK ST. NE, #105","PALM BAY","32905","321-209-3032","Info@daytonacaterers.com","Approved with Provisos","03/19/2026","03/27/2026","New Vehicle","Mobile MFDV","73067","261822","7451146","1036/Plan Review and Initial (COMBO MFDV)","n/a","SHOGUN OF HOTDOGS LLC","1639 SANTOS ST","PALM BAY","FL","32909","US","321-914-9278","Shogunofhotdogs@gmail.com","321-914-9278","Shogunofhotdogs@gmail.com"
"D4","Brevard","ELLIE'S DELI","140  TOMAHAWK DR","INDIAN HARBOUR BEACH","32937","","","Approved with Provisos","03/31/2026","04/14/2026","New Vehicle","Mobile MFDV","73242","264970","1551148","1036/Plan Review and Initial (COMBO MFDV)","n/a","ELLIE'S DELI LLC","245 AVOCADO ST","SATELLITE BEACH","FL","32937","US","321-945-1623","elliesdeli@gmail.com","321-945-1623","elliesdeli@gmail.com"
"D4","Brevard","ANTOJITOS ADOMARI","710 WEST KING ST","COCOA","32922","321-458-4262","ANTOJITOSADOMARI@GMAIL.COM","Approved with Provisos","04/08/2026","04/21/2026","New Vehicle","Mobile MFDV","73365","265528","1551131","1036/Plan Review and Initial (COMBO MFDV)","n/a","ANTOJITOS ADOMARI LLC","1680 VAGABOND ST","COCOA","FL","32922","US","321-458-4262","ANTOJITOSADOMARI@GMAIL.COM","321-458-4262","ANTOJITOSADOMARI@GMAIL.COM"
"D4","Brevard","GRILLED CHEESE AND CRAB CAKE COMPANY","699  N ATLANTIC AVE","COCOA BEACH","32931","609-816-2291","thegrilledcheeseandcrabcakeco@yahoo.com","Approved with Provisos","04/09/2026","04/28/2026","New Vehicle","Mobile MFDV","73375","265576","1551133","1036/Plan Review and Initial (COMBO MFDV)","n/a","SHORE HOSPITALITY GROUP CORP","699 N ATLANTIC AVE","COCOA BEACH","FL","32931","US","609-816-2291","thegrilledcheeseandcrabcakeco@yahoo.com","609-816-2291","thegrilledcheeseandcrabcakeco@yahoo.com"
"D4","Brevard","MENEHUNE KITCHEN","2205 PARKWAY DR","MELBOURNE ","32940","","","Approved with Provisos","04/10/2026","04/14/2026","New Vehicle","Mobile MFDV","73400","265662","1551130","3021/Request to Change Owner (MFDV)","n/a","MENEHUNE KITCHEN LLC","","","","","","9704125238","menehunekitchen2026@gmail.com","",""
"D4","Brevard","BEEG'S SWEET SHACK","2431 TOWN CENTER AVE BLDG 2","MELBOURNE","32940","321-863-5698","Daniel@roguewavehg.com","Approved with Provisos","04/13/2026","05/13/2026","New Vehicle","Mobile MFDV","73419","265709","1551138","1032/Initial MFDV Plan Review","n/a","BEEG'S ICE CREAM & SWEETS LLC","2431 TOWN CENTER AVE BLDG 2","MELBOURNE","FL","32940","US","321-863-5698","Daniel@roguewavehg.com","321-863-5698","Daniel@roguewavehg.com"
"D4","Brevard","DOUGH PIZZA CO","2431 TOWN CENTER AVE BLDG 2","MELBOURNE","32940","321-863-5698","Daniel@roguewavehg.com","Approved with Provisos","04/13/2026","05/14/2026","New Vehicle","Mobile MFDV","73421","265711","1551137","1032/Initial MFDV Plan Review","n/a","DANIEL TODD","2431 TOWN CENTER AVE BLDG 2","MELBOURNE","FL","32940","US","321-863-5698","Daniel@roguewavehg.com","321-863-5698","Daniel@roguewavehg.com"
"D4","Brevard","DELICIA LATINA","1105  CLEARLAKE RD","COCOA","32922","321-380-7942","lidiaechemendia38@gmail.com","Approved with Provisos","04/14/2026","05/27/2026","New Vehicle","Mobile MFDV","73445","265770","1551159","1036/Plan Review and Initial (COMBO MFDV)","n/a","DELICIA LATINA LLC","1715 DIXON BLVD APT 101","COCOA","FL","32922","US","321-380-7942","Lidiaechemendia38@gmail.com","",""
"D4","Brevard","PASTROMA","2112 SARNO RD","MELBOURNE","32935","321-501-9140","tcsfoods@yahoo.com","Approved with Provisos","04/20/2026","05/05/2026","New Vehicle","Mobile MFDV","73546","266170","1551140","1036/Plan Review and Initial (COMBO MFDV)","n/a","PASTROMA LLC","1398 TARLETON ST SE","PALM BAY","FL","32909","US","404-834-2367","zubko.olga.romanovna199@gmail.com","404-834-2367","zubko.olga.romanovna199@gmail.com"
"D4","Brevard","NOT TACOS","1155 MALABAR RD NE STE 2","PALM BAY","32907","321-349-6625","shawn.corley@gmail.com","Approved with Provisos","03/19/2026","04/30/2026","New Vehicle","Mobile MFDV","73062","266235","1551134","1036/Plan Review and Initial (COMBO MFDV)","n/a","VONPRESSENTIN, SHAWN","134 N MULBERRY ST","FELLSMERE","FL","32948","US","321-349-6625","shawn.corley@gmail.com","321-349-6625","shawn.corley@gmail.com"
"D4","Brevard","SKIDD MARK5","2850 S HOPKINS AVE","TITUSVILLE","32780","843-480-5931","skiddmark5foodcart@yahoo.com","Approved with Provisos","05/08/2026","06/11/2026","New Vehicle","Hot Dog","73814","267241","1551143","1035/Plan Review and Initial (COMBO Hot Dog)","n/a","SKIDD MARK5 LLC","1055 SOLAMERE DR APT 307","TITUSVILLE","FL","32780","US","843-480-5931","skiddmark5foodcart@yahoo.com","843-480-5931","skiddmark5foodcart@yahoo.com"
"D4","Brevard","WINGS DETECTIVE","4 HARRISON ST, STE 100","COCOA","32922","321-566-5398","","Approved with Provisos","05/11/2026","06/02/2026","New Vehicle","Mobile MFDV","73292","267370","1551150","1036/Plan Review and Initial (COMBO MFDV)","n/a","WINGS DETECTIVE LLC","985 BOUGANVILLEA DR","ROCKLEDGE","FL","32955","US","321-895-6803","WINGSDETECTIVE@GMAIL.COM","321-895-6803","WINGSDETECTIVE@GMAIL.COM"
"D4","Brevard","CAPT RONS GALLEY","681 N WICKHAM RD STE A","MELBOURNE","32935","321-259-6100","Rkrout1966@gmail.com","Approved with Provisos","05/18/2026","06/19/2026","New Vehicle","Hot Dog","73933","267766","1551162","1035/Plan Review and Initial (COMBO Hot Dog)","n/a","CAPT RON'S GALLEY LLC","1973 BROOKSIDE ST NE","PALM BAY","FL","32907-2614","US","3215442532","Rkrout1966@gmail.com","3215442532","Rkrout1966@gmail.com"
"D4","Brevard","MODERN ASIAN CURATED STREETFOODS","2431 TOWN CTR AVE BLDG #2","MELBOURNE","32940","3216820988","sudy.shen@gmail.com","Approved with Provisos","05/18/2026","06/09/2026","New Vehicle","Mobile MFDV","73936","267769","1551157","1036/Plan Review and Initial (COMBO MFDV)","n/a","LNSS GROUP LLC","6411 BORASCO DR UNIT 310","MELBOURNE","FL","32940","US","3216820988","sudy.shen@gmail.com","3216820988","sudy.shen@gmail.com"
"D4","Brevard","ALL I NEED SIPS & CHEESE","4700 BABCOCK ST","PALM BAY","32905","3217284755","","Approved with Provisos","05/25/2026","06/09/2026","New Vehicle","Mobile MFDV","74023","268077","1551142","1036/Plan Review and Initial (COMBO MFDV)","n/a","NICOLE RUBINO","3212 CHICA CIRCLE","MELBOURNE","FL","32904","US","3217200286","allineedsns@gmail.com","3217200286","allineedsns@gmail.com"
"D4","Brevard","DASH DOGS N MORE LLC","2112 SARNO RD","MELBOURNE","32935","","","Approved with Provisos","05/26/2026","06/09/2026","New Vehicle","","73834","268117","","1036/Plan Review and Initial (COMBO MFDV)","n/a","DASH DOGS N MORE LLC","399 OCEAN SPRAY AVE","SATELLITE BEACH","FL","32937","US","9789140810","dashdogsnmore@gmail.com","9789140810","dashdogsnmore@gmail.com"
"D4","Brevard","LOU'S BLUES BAR AND GRILL","3191 N HWY A1A","INDIALANTIC","32903","4076194684","lousbluesbargrill@gmail.com","Approved with Provisos","05/30/2026","06/15/2026","New Vehicle","Mobile MFDV","74138","268446","1551149","1036/Plan Review and Initial (COMBO MFDV)","n/a","LOU'S BLUES","3447 INDIAN RIVER DR","COCOA","FL","32926-6607","US","4076194684","Mikpauline@aol.com","4076194684","Mikpauline@aol.com"
"D4","Brevard","EL VIRALATA LATIN FOOD","4590 BABCOCK ST STE 105","PALM BAY","32905","3862276178","info@palmbaycaterers.com","Approved with Provisos","06/09/2026","06/22/2026","New Vehicle","Mobile MFDV","74353","269116","1551145","1036/Plan Review and Initial (COMBO MFDV)","n/a","SANTANA GROUP FL LLC","914  GEARY ST SW","PALM BAY","FL","32908","US","9144264243","santanagroupfl@gmail.com","9144264243","santanagroupfl@gmail.com"
"D4","Brevard","AROMI 360 PIZZERIA","5270 BABCOCK ST NE STE 28","PALM BAY","32905","3219845170","carlosrh0427@gmail.com","Approved with Provisos","06/09/2026","06/22/2026","New Vehicle","Mobile MFDV","74354","269117","1551146","1036/Plan Review and Initial (COMBO MFDV)","n/a","AROMI 360 PIZZERIA LLC","769 CLARKE AVE","MELBOURNE","FL","32935","US","3212651206","lisalvagr@gmail.com","3212651206","lisalvagr@gmail.com"
"D4","Brevard","FRUITYBARA","4590 BABCOCK ST NE STE 105","PALM BAY","32905","3523971244","bellaYmariaG@gmail.com","Approved with Provisos","06/15/2026","06/30/2026","New Vehicle","Mobile MFDV","74429","269378","1551151","1036/Plan Review and Initial (COMBO MFDV)","n/a","FRUITYBARA LLC","618 GEORGIA AVE","MELBOURNE","FL","32901","US","3523971244","bellaYmariaG@gmail.com","3523971244","bellaYmariaG@gmail.com"
"D4","Brevard","ISLAND KITCHEN ON WHEELS","160 MALABAR RD SW STE 117-119","PALM BAY","32907","321-327-3036","","Approved with Provisos","06/17/2026","07/09/2026","New Vehicle","Mobile MFDV","74482","269559","1551153","1036/Plan Review and Initial (COMBO MFDV)","n/a","HYACINTH ELLIOTT","1636 AGNES AVE SE","PALM BAY","FL","32909","US","321-557-1983","1636elliott@gmail.com","321-557-1983","1636elliott@gmail.com"
"D4","Brevard","NATIVE SPICE ON GRILL","4590 BABCOCK ST NE","PALM BAY","32905","321-209-3032","eatnativespice@gmail.com","Approved with Provisos","06/28/2026","07/15/2026","New Vehicle","Mobile MFDV","74615","270062","1551154","1036/Plan Review and Initial (COMBO MFDV)","n/a","NATIVE SPICE ON GRILL LLC","407 SCODELLA ST","PALM BAY","FL","32908","US","404-422-3448","eatnativespice@gmail.com","404-422-3448","eatnativespice@gmail.com"
"D4","Brevard","VASARA - INDIAN STREET KITCHEN LLC","2112 SARNO RD","MELBOURNE","32935","3215019140","","Approved with Provisos","07/02/2026","07/23/2026","New Vehicle","","74686","270276","","1036/Plan Review and Initial (COMBO MFDV)","n/a","VASARA - INDIAN STREET KITCHEN LLC","3506 MOUNT CARMEL LN","MELBOURNE","FL","32901","US","3213675850","suryakiranjasti@gmail.com","3213675850","suryakiranjasti@gmail.com"
"D4","Brevard","DUO BROTHERS BBQ","310 LAGOON WAY","MERRITT ISLAND","32953","505-313-3435","duobros.bbq@gmail.com","Approved with Provisos","07/01/2026","07/27/2026","New Vehicle","Mobile MFDV","74807","270596","1551152","1032/Initial MFDV Plan Review","n/a","DUO BROTHERS BBQ LLC","600 KUREK CT UNIT 124","MERRITT ISLAND","FL","32953","US","505-313-3435","duobros.bbq@gmail.com","505-313-3435","duobros.bbq@gmail.com"
"D4","Brevard","A1JERKANDSOULFOODLLC","4590 BABCOCK ST STE 105","PALM BAY","32905","3215413622","dcampbell4487@gmail.com","Approved with Provisos","07/27/2026","08/14/2026","New Vehicle","Mobile MFDV","74960","271049","1551155","1032/Initial MFDV Plan Review","n/a","DAVID CAMPBELL","854 SERENADE NW","PALM BAY","FL","32909","US","3215413622","a1jerkandsoulfoodllc@gmail.com","3215413622",""
"D4","Brevard","SALPICONAZO","4590 BABCOCK ST STE 105","PALM BAY","32905","3212093032","info@palmbaycommissary.com","Approved with Provisos","08/01/2026","09/01/2026","New Vehicle","Mobile MFDV","75048","273273","1551163","1036/Plan Review and Initial (COMBO MFDV)","n/a","EL SALPICONAZO LLC","10493 NW SUNCREST LOOP","PORT ST LUCIE","FL","34987","US","561-603-0776","info@salpiconazo.com","561-603-0776","info@salpiconazo.com"
"D4","Brevard","G-DOGZ","4590 BABCOCK ST STE 105","PALM BAY","32905","(321) 245-0602","gdogz.gcm@gmail.com","Approved with Provisos","08/06/2026","08/20/2026","New Vehicle","Hot Dog","75160","273494","1551160","1035/Plan Review and Initial (COMBO Hot Dog)","n/a","G-DOGZ LLC","534 BOUNTY AVE NE","PALM BAY","FL","32907","US","678-431-1376","gdogz.gcm@gmail.com","678-431-1376","gdogz.gcm@gmail.com"
"D4","Brevard","BEEGS SWEET SHACK","2431  TOWN CENTER AVE , BLDG 2","MELBOURNE","32940","3212087789","kali@roguewavehg.com","","08/07/2026","","","","75174","273533","","1032/Initial MFDV Plan Review","n/a","BEEGS ICE CREAM & SWEETS","2431 TOWN CENTER AVE BLDG 2","MELBOURNE","FL","32940","US","3212087789","kali@roguewavehg.com","3212087789","kali@roguewavehg.com"
"D4","Brevard","DOUGH","2431  TOWN CENTER AVE , BLDG 2","MELBOURNE","32940","3212087789","kali@roguewavehg.com","","08/11/2026","","","","75175","273669","","1032/Initial MFDV Plan Review","n/a","DOUGH PIZZA CO","2431  TOWN CENTER AVE , BLDG 2","MELBOURNE","FL","32940","US","3212087789","kali@roguewavehg.com","3212087789","kali@roguewavehg.com"
"D4","Brevard","SEARHOUSE","2112 SARNO RD","MELBOURNE","32935","321 917 7913","orders@searhousecafe.com","Approved with Provisos","08/16/2026","08/25/2026","New Vehicle","Mobile MFDV","75277","273842","1551122","3021/Request to Change Owner (MFDV)","n/a","SEARHOUSE CAFE","967 ARMSTRONG RD SE","PALM BAY","FL","32909","US","3219177913","","3219177913","orders@searhousecafe.com"
"D4","Brevard","PA'S DAWGS LLC","2112 SARNO RD","MELBOURNE","32935","3215019140","tcsfoods@yahoo.com","Approved with Provisos","08/17/2026","08/17/2026","New Vehicle","Hot Dog","75157","273844","1551156","1030/Initial Hot Dog Plan Review","n/a","PA'S DAWGS LLC","","","","","","3212133988","gary.jones63@yahoo.com","",""
"D4","Brevard","TITUS BURGER","1450 N WASHINGTON AVE","TITUSVILLE","32796","3059056645","emolero118@gmail.com","Approved with Provisos","08/19/2026","09/01/2026","New Vehicle","Mobile MFDV","75336","274022","1551158","1036/Plan Review and Initial (COMBO MFDV)","n/a","MOLERO FOOD SERVICE GROUP LLC","3260 DARYL TERRACE","TITUSVILLE","FL","32796","US","3059056645","emolero118@gmail.com","3059056645","emolero118@gmail.com"
"D4","Brevard","BEACH BUMS SWEET TREATS","8500 STADIUM PARKWAY","MELBOURNE","32940","3216269734","","Approved with Provisos","08/27/2026","09/08/2026","New Vehicle","","75432","274354","","1036/Plan Review and Initial (COMBO MFDV)","n/a","BEACH BUMS SWEET TREATS LLC","207 BROADVIEW DR","COCOA","FL","32922","US","3216269734","thestreights@yahoo.com","3216269734",""
"D4","Brevard","BITTY AND BEAU'S COFFEE","3925 HIDDEN HILLS DR","TITUSVILLE","32796","321-747-6780","Cruiser2003@bandbco.com","","08/31/2026","","","","75471","274485","","1036/Plan Review and Initial (COMBO MFDV)","n/a","D & L COFFEE HOLDINGS LLC","3925 HIDDEN HILLS DR","TITUSVILLE","FL","32796","US","321-747-6780","Cruiser2003@bandbco.com","321-747-6780","Cruiser2003@bandbco.com"
"D4","Brevard","MAMI TASTY RESTAURANT","1100 S WICKHAM RD","MELBOURNE","32904","954-290-4171","","Approved with Provisos","08/31/2026","09/22/2026","New Vehicle","","75480","274510","","1036/Plan Review and Initial (COMBO MFDV)","n/a","MAMI TASTY RESTAURANT LLC","2053 EDEN LN","WEST MELBOURNE","FL","32904","US","954-290-4171","","954-290-4171",""
"D4","Brevard","DUFORT'S TROPICAL SPOON","4590 BABCOCK ST NE STE 105","PALM BAY","32905","786-848-1978","dlaleau46@gmail.com","Approved with Provisos","09/02/2026","09/21/2026","New Vehicle","","75512","274599","","1036/Plan Review and Initial (COMBO MFDV)","n/a","DUFORT'S TROPICAL SPOON LLC","435 KRASSNER DR NW","PALM BAY","FL","32907","US","786-848-1978","dlaleau46@gmail.com","786-848-1978","dlaleau46@gmail.com"
"D4","Brevard","SLOPPY AZZ DEVIL DOGS","217 CROCKETT BLVD","MERRITT ISLAND","32953","","","Approved with Provisos","09/03/2026","09/21/2026","New Vehicle","","75541","274672","","1035/Plan Review and Initial (COMBO Hot Dog)","n/a","STEVEN BECK","1000 GENEVIEVE AVE","ROCKLEDGE","FL","32955","US","321-481-9628","SLOPPYASSPHILLY@GMAIL.COM","321-481-9628","SLOPPYASSPHILLY@GMAIL.COM"
"D4","Brevard","CASA GELO","7645 STADIUM PKWY #101","MELBOURNE","32940","","","Approved with Provisos","09/09/2026","09/11/2026","New Vehicle","Mobile MFDV","75620","274929","1551161","1036/Plan Review and Initial (COMBO MFDV)","n/a","CASA GELO LLC","5312 PICARDY CT","VIERA","FL","32955","US","321-704-5339","dpg8r@hotmail.com","321-704-5339","dpg8r@hotmail.com"
"D4","Brevard","HOPE CAFE","1375 DELEON AVE","TITUSVILLE","32780","","","","09/22/2026","","","","75752","275472","","1036/Plan Review and Initial (COMBO MFDV)","n/a","HOPE FOR NORTH BREVARD INC","416 PINE ST","TITUSVILLE","FL","32796","US","321-863-6357","TGORDON@HOPENB.ORG","",""
"D4","Brevard","ROY'S BBQ LLC","850 N COURTENAY PKWY","MERRITT ISLAND","32953","4076080951","roysbbq.fl@gmail.com","","09/25/2026","","","","75788","275596","","1036/Plan Review and Initial (COMBO MFDV)","n/a","ROY'S BBQ LLC","850 N COURTENAY PKWY","MERRITT ISLAND","FL","32953","US","4076080951","roysbbq.fl@gmail.com","4076080951","roysbbq.fl@gmail.com"
"D4","Brevard","SHAWNS IRISH PUB FISH & CHIPS","125 HARRISON ST","TITUSVILLE","32780","321-591-4678","audreyh321@gmail.com","Approved with Provisos","09/25/2026","09/28/2026","New Vehicle","","75800","275625","","1036/Plan Review and Initial (COMBO MFDV)","n/a","JA-CAR BREVARD INC","125 HARRISON ST","TITUSVILLE","FL","32780","US","321-591-4678","audreyh321@gmail.com","321-591-4678","audreyh321@gmail.com"
"D4","Brevard","MOROCCO ON WHEELS","2112  SARNO RD","MELBOURNE","32935","3217593713","tcsfoods@yahoo.com","Approved with Provisos","09/30/2026","09/30/2026","New Vehicle","Mobile MFDV","75837","278202","1551164","1032/Initial MFDV Plan Review","n/a","SAIKOUK, ALI & RHYATI, YAHIA","","","","","","3219994973","moroccoonwheel@gmail.com","",""
"D4","Brevard","CITOS PINCHOS","4590 BABCOCK ST, SUITE 105","PALM BAY","32905","(321) 423-2615","citospinchos321@gmail.com","","10/01/2026","","","","75871","278321","","1036/Plan Review and Initial (COMBO MFDV)","n/a","CITOS PINCHOS LLC","5317 PINEWOOD DR NE","PALM BAY","FL","32905","US","(321) 423-2615","citospinchos321@gmail.com","(321) 423-2615","citospinchos321@gmail.com"
"D4","Brevard","WINGSTOP","4100 N WICKHAM RD STE 113","MELBOURNE","32935","407-476-0937","","Approved with Provisos","04/04/2025","04/08/2025","New Construction","Non-Seating","369008","1736084","1507329","1030/Initial Plan Review (SEAT)","n/a","MOMAGIC 16 LLC","3670  MAGUIRE BLVD. , SUITE 305","ORLANDO","FL","32803","US","407-844-7882","CLIFF@MOMAGICLLC.COM","407-844-7882","cliff@momagicllc.com"
"D4","Brevard","AVID HOTEL MELBOURNE VIERA","125 SHERIFF DR","MELBOURNE-VIERA","32940","321.425.3900","aandriani@onyxhospitality.com","Approved with Provisos","04/10/2025","04/15/2025","New Construction","Seating","369120","1737138","1507331","1034/Plan Review and Initial (COMBO SEAT)","n/a","ONYX VIERA HOTEL LLC","125 SHERIFF DR","MELBOURNE-VIERA","FL","32940","US","321.425.3900","mike@onyxhospitality.com","321.425.3900","mike@onyxhospitality.com"
"D4","Brevard","EL BUZO RESTAURANT","7002 N ATLANTIC AVE #110","CAPE CANAVERAL","32920","321-243-6184","","Approved with Provisos","04/09/2025","04/17/2025","New Construction","Seating","369125","1737161","1507334","1034/Plan Review and Initial (COMBO SEAT)","n/a","BRISAS MARINAS INC","5675 N ATLANTIC AVE #110","COCOA BEACH","FL","32931","US","407-607-2858","SEGUNDOBUZO229@AOL.COM","407-607-2858",""
"D4","Brevard","CASA DEL TEQUILA","3100 S FISKE  BLVD","ROCKLEDGE","32955","386-631-2181","cortes796@hotmail.com","Approved with Provisos","04/11/2025","04/28/2025","New Construction","Seating","369147","1737964","1507333","1034/Plan Review and Initial (COMBO SEAT)","n/a","MEZCAL OF ROCKLEDGE","3100 S FISKE  BLVD","ROCKLEDGE","FL","32955","US","386-631-2181","cortes796@hotmail.com","386-631-2181","cortes796@hotmail.com"
"D4","Brevard","CLOUD9 TEA","3146 W NEW HAVEN AVE","WEST MELBOURNE","32904","321-507-7919","cloudnine3146@gmail.com","Approved with Provisos","04/25/2025","05/27/2025","New Construction","","369540","1739927","","1034/Plan Review and Initial (COMBO SEAT)","n/a","CLOUD9 TEA CO","3146 W NEW HAVEN AVE","WEST MELBOURNE","FL","32904","US","321-507-7919","cloudnine3146@gmail.com","",""
"D4","Brevard","CAFE MARINA WINE AND DELI","2137 N COURTENAY PKWY, UNIT 31","MERRITT ISLAND","32953","321-460-4696","CIAO.DELI@YAHOO.COM","Approved with Provisos","04/24/2025","06/04/2025","New Construction","Seating","369563","1740063","1507350","1034/Plan Review and Initial (COMBO SEAT)","n/a","MARINA RISTORANTE","510 TER SPRING DR","ORLANDO","FL","32828","US","321-460-4696","CIAO.DELI@YAHOO.COM","321-460-4696",""
"D4","Brevard","ICE CREAM HUT OF VIERA","5410 MURRELL RD STE 111","ROCKLEDGE","32955","888-843-4881","c.ramsey@theicecreamhut.com","Approved with Provisos","04/30/2025","05/08/2025","New Construction","Seating","369649","1740718","1507352","1034/Plan Review and Initial (COMBO SEAT)","n/a","ICMC INVESTMENTS LLC","5410 MURRELL RD STE #111","ROCKLEDGE","FL","32955","US","888-843-4881","c.ramsey@theicecreamhut.com","888-843-4881","c.ramsey@theicecreamhut.com"
"D4","Brevard","AROUND THE WORLD CAFE BAKERY","119 5 AVE","INDIALANTIC","32903","321-360-9284","aroundtheworld119@yahoo.com","Approved with Provisos","05/05/2025","05/08/2025","New Construction","Seating","369756","1741293","1507349","1034/Plan Review and Initial (COMBO SEAT)","n/a","AROUND THE WORLD CAFE BAKERY LLC","119 5 AVE","INDIALANTIC","FL","32903","US","321-360-9284","aroundtheworl119@yahoo.com","321-360-9284","aroundtheworl119@yahoo.com"
"D4","Brevard","WAFFLE HOUSE #1266","3665 N ATLANTIC AVE","COCOA BEACH","32931","321-868-0885","victoriaroseberry@wafflehouse.com","Approved with Provisos","05/13/2025","05/19/2025","Remodel","Seating","229851","1742861","1504973","3027/Request Plan Review","n/a","EAST COAST WAFFLES INC","PO BOX 6450","NORCROSS","GA","30091-6450","US","770-326-7022","victoriaroseberry@wafflehouse.com","770-326-7022","victoriaroseberry@wafflehouse.com"
"D4","Brevard","DUNKIN","290 SOUTH WICKHAM RD","MELBOURNE","32904","321-419-3399","Chris.hill@patelmanagement.com","Approved with Provisos","05/19/2025","05/23/2025","New Construction","Seating","370140","1743587","1507356","1034/Plan Review and Initial (COMBO SEAT)","n/a","DD FOOD WICKHAM LLC","991 STINSON WAY SUITE 401","WEST PALM BEACH","FL","33411","US","321-419-3399","office@patelmanagement.com","561-360-2051","office@patelmanagement.com"
"D4","Brevard","DUNKIN","290 SOUTH WICKHAM RD","MELBOURNE","32904","321-419-3399","Chris.hill@patelmanagement.com","In process","05/19/2025","","","Seating","370140","1743587","1507356","1034/Plan Review and Initial (COMBO SEAT)","n/a","DD FOOD WICKHAM LLC","991 STINSON WAY SUITE 401","WEST PALM BEACH","FL","33411","US","321-419-3399","office@patelmanagement.com","561-360-2051","office@patelmanagement.com"
"D4","Brevard","DAVE & BUSTER'S"," NAPOLO DR & BROMLEY DR","MELBOURNE","32940","","","Approved with Provisos","05/20/2025","05/29/2025","New Construction","","370182","1743807","","1034/Plan Review and Initial (COMBO SEAT)","n/a","DAVE & BUSTER'S INC","1221 S BELT LINE RD #500","COPPELL","TX","75019","US","","","",""
"D4","Brevard","LUDZ SEAFOOD EXPRESS","2 N ATLANTIC AVE #6","COCOA BEACH","32931","407-467-4210","","Approved with Provisos","05/28/2025","06/16/2025","New Construction","Non-Seating","370361","1744870","1507351","1031/Initial Plan Review (NOST)","n/a","MATTIE'S DELECTABLE DESSERTS INC","4780 PAWNEE TRAIL","MERRITT ISLAND","FL","32953","US","407-467-4210","brenda@mattiesdd.com","407-467-4210","brenda@mattiesdd.com"
"D4","Brevard","HAMPTON INN BREAKFAST BAR","3425 N ATLANTIC AVE","COCOA BCH","32931","7994099","","Approved with Provisos","05/30/2025","08/19/2025","Remodel","Seating","101549","1745381","1505081","3027/Request Plan Review","n/a","OCEAN PROPERTIES ASSOCS LTD","3425 N ATLANTIC AVE","COCOA BCH","FL","32931","US","","","",""
"D4","Brevard","PANERA BREAD","6531 LAKE ANDREW DR","MELBOURNE","32940","","","Approved with Provisos","06/10/2025","06/18/2025","New Construction","Seating","370717","1746856","1507393","1034/Plan Review and Initial (COMBO SEAT)","n/a","PANADERIAS LLC","7695 SW 104 ST STE 100","PINECREST","FL","33156","US","305-663-1750","iala@warmanagement.com","305-663-1750","iala@warmanagement.com"
"D4","Brevard","DOLLY'S WINE BAR","1431  HIGHLAND AVE ","MELBOURNE","32935","","","Approved with Provisos","06/12/2025","07/14/2025","New Construction","Seating","370766","1747085","1507363","1034/Plan Review and Initial (COMBO SEAT)","n/a","TRIPLE XCLUSIVE WINES LLC","318 MARKLEY CT","INDIAN HARBOUR BEACH","FL","32937","US","321-607-1855","brockwollard@gmail.com","321-607-1855","brockwollard@gmail.com"
"D4","Brevard","ROCKET BAGELS","3705 MURRELL RD UNIT 105","ROCKLEDGE","32955","321-208-7849","","Approved with Provisos","06/17/2025","06/25/2025","Remodel","Seating","365688","1748151","1506451","3027/Request Plan Review","n/a","NORA GRACE LLC","3705 MURRELL RD UNIT 105","ROCKLEDGE","FL","32955","US","321-208-7849","rocketbagelspsj@gmail.com","321-208-7849","rocketbagelspsj@gmail.com"
"D4","Brevard","MCDONALDS CYPRESS BAY 43359","4655 ST JOHNS HERITAGE PKWY SE","PALM BAY","32909","772-919-8487","anne.houston@houcorp.com","Approved with Provisos","06/24/2025","07/01/2025","New Construction","Seating","371039","1748586","1507353","1030/Initial Plan Review (SEAT)","n/a","HOUCORP INC","13395 US HWY 1","SEBASTIAN","FL","32958","US","772-388-7725","ANNE.HOUSTON@HOUCORP.COM","772-388-7725","ANNE.HOUSTON@HOUCORP.COM"
"D4","Brevard","MOON HUT","7802 N ATLANTIC AVE ","CAPE CANAVERAL","32920","","","Approved with Provisos","06/26/2025","07/08/2025","Remodel","Seating","351837","1748835","1507196","3027/Request Plan Review","n/a","MOON OP INC","7802 N ATLANTIC AVE","CAPE CANAVERAL","FL","32920","US","3214318685","moonhutrestaurant@gmail.com","",""
"D4","Brevard","MCDONALD'S #43360","110 ST JOHNS HERITAGE PKWY NW","PALM BAY","32907","772-919-8487","samantha.houston@houcorp.com","Approved with Provisos","06/30/2025","07/15/2025","New Construction","Seating","371231","1749285","1507357","1030/Initial Plan Review (SEAT)","n/a","HOUSTON ADAMS LLC","13395 US HWY 1","SEBASTIAN","FL","32958","US","772-919-8487","samantha.houston@houcorp.com","772-919-8487","samantha.houston@houcorp.com"
"D4","Brevard","BANANA WINDS BITES & GRIND","6103 N ATLANTIC AVE STE D","CAPE CANAVERAL","32920","321-704-2472","bananawindsbitesandgrind@yahoo.com","Approved with Provisos","07/07/2025","07/15/2025","New Construction","Seating","371325","1749752","1507378","1034/Plan Review and Initial (COMBO SEAT)","n/a","DAVID FOWLER","3610 OCEAN BEACH BLVD UNIT 101B","COCOA BEACH","FL","32931","US","321-704-1520"," dkfnet2@netscape.net","321-704-1520","bananawindsbitesandgrind@yahoo.com"
"D4","Brevard","BUNKY'S BREWERY","6300 N WICKHAM RD STE #137","MELBOURNE","32940","540-588-1362","douglasfwalker@gmail.com","Approved with Provisos","07/09/2025","09/18/2025","New Construction","Seating","371397","1750250","1507369","1034/Plan Review and Initial (COMBO SEAT)","n/a","CJ BREWERY LLC","575 N HIGHWAY A1A #201","SATELLITE BEACH","FL","32937","US","540-588-1362","douglasfwalker@gmail.com","",""
"D4","Brevard","KUNG FU TEA","5675 N ATLANTIC AVE UNIT 104","COCOA BEACH","32931","321-599-6789","kftcocoabeach@gmail.com","Approved with Provisos","07/09/2025","07/17/2025","New Construction","Seating","371401","1750281","1507361","1034/Plan Review and Initial (COMBO SEAT)","n/a","VAN THO PHAT","5675 N ATLANTIC AVE UNIT 104","COCOA BEACH","FL","32931","US","321-599-6789","kftcocoabeach@gmail.com","321-599-6789","kftcocoabeach@gmail.com"
"D4","Brevard","HILTON GARDEN INN","5655 FRESH SPRINGS LN","MELBOURNE","32940","","","Approved with Provisos","07/11/2025","09/19/2025","New Construction","","371447","1750543","","1034/Plan Review and Initial (COMBO SEAT)","n/a","BORROWS WEST HOTEL DEVELOPERS LLC","2501 S HIGH SCHOOL RD","INDIANAPOLIS","IN","46241","US","","","",""
"D4","Brevard","SAND ON THE BEACH","1005 ATLANTIC ST","MELBOURNE BEACH","32951","321.327.8951","","Approved with Provisos","07/11/2025","07/25/2025","Remodel","Seating","282054","1750576","1506191","3027/Request Plan Review","n/a","SAND ON THE BEACH INC","249 5TH AVE","INDIALANTIC","FL","32903","US","","","",""
"D4","Brevard","OCEAN BAY GRILL","411 E NEW HAVEN AVE","MELBOURNE","32901","321-479-3705","angelbarber321@gmail.com","Approved with Provisos","07/30/2025","08/14/2025","New Construction","Seating","371854","1752711","1507366","1034/Plan Review and Initial (COMBO SEAT)","n/a","OCEAN BAY GRILL LLC","411 E NEW HAVEN AVE","MELBOURNE","FL","32901","US","321-479-3705","angelbarber321@gmail.com","321-479-3705","angelbarber321@gmail.com"
"D4","Brevard","EL AMATE RESTAURANT","160 MALABAR RD STE 104","PALM BAY","32907","321-341-6865","sorto2009@yahoo.com","Approved with Provisos","08/17/2025","09/03/2025","New Construction","Seating","372256","1762417","1507371","1034/Plan Review and Initial (COMBO SEAT)","n/a","EL AMATE RESTAURANT LLC","651 ALFORD ST SE","PALM BAY","FL","32909","US","301-655-3805","sorto2009@yahoo.com","301-655-3805","sorto2009@yahoo.com"
"D4","Brevard","CANTEEN AT EMBRAER SATELLITE","1400 GENERAL AVIATION DR","MELBOURNE","32935","727.281.1369","stacey.white@compass-usa.com","Approved with Provisos","08/19/2025","09/03/2025","New Construction","Seating","372295","1762687","1507374","1034/Plan Review and Initial (COMBO SEAT)","n/a","COMPASS GROUP USA INC","2400 YORKMONT RD","CHARLOTTE","NC","28217","US","","foodlicensing@compass-usa.com","704.328.6109","foodlicensing@compass-usa.com"
"D4","Brevard","TROPICAL SMOOTHIE CAFE","2520 S WASHINGTON AVE #120","TITUSVILLE","32780","407.256.2691","tripp.curtis@rhcenterprisesllc.com","Approved with Provisos","08/19/2025","08/29/2025","New Construction","Seating","372296","1762689","1507362","1030/Initial Plan Review (SEAT)","n/a","RHC ENTERPRISES LLC","3595 EMERYWOOD LN","ORLANDO","FL","32812","US","407.256.2691","tripp.curtis@rhcenterprisesllc.com","407.256.2691","tripp.curtis@rhcenterprisesllc.com"
"D4","Brevard","STILLROOM SPA LLC","1432  N HARBOR CITY BLVD","MELBOURNE","32935","828.280.3384","COREYAFOY@GMAIL.COM","Approved with Provisos","08/22/2025","09/23/2025","New Construction","Seating","372409","1763423","1507376","1034/Plan Review and Initial (COMBO SEAT)","n/a","STILLROOM SPA LLC","4865 CITRUS BLVD","COCOA","FL","32926","US","828.280.3384","COREYAFOY@GMAIL.COM","828.280.3384","COREYAFOY@GMAIL.COM"
"D4","Brevard","KRAVEPOT","1910 N WICKHAM RD","MELBOURNE","32935","407-766-6677","tuanemail@gmail.com","Approved with Provisos","08/23/2025","09/24/2025","New Construction","Seating","372424","1763685","1507377","1034/Plan Review and Initial (COMBO SEAT)","n/a","KRAVEPOT OF MELBOURNE LLC","1910 N WICKHAM RD","MELBOURNE","FL","32935","US","407-766-6677","tuanemail@gmail.com","407-766-6677","tuanemail@gmail.com"
"D4","Brevard","GELAZZO","3450 BAYSIDE LAKES BLVD STE 111","PALM BAY","32909","631-241-9406","PIZZOLO@GELAZZO.US","Approved with Provisos","08/29/2025","09/16/2025","New Construction","Seating","372558","1764300","1507387","1034/Plan Review and Initial (COMBO SEAT)","n/a","GELAZZO","4051  HOLLINGSWORTH DR SE","PALM BAY","FL","32909","US","631-241-9406","GELAZZO@GELAZZO.US","631-241-9406","PIZZOLO@GELAZZO.US"
"D4","Brevard","WHISKEYS BAR AND LOUNGE","2191 HWY US 1","TITUSVILLE","32796","321-567-4015","sachinrshenoy@yahoo.com","Approved with Provisos","09/08/2025","09/15/2025","Remodel","Seating","357780","1765518","1507016","3027/Request Plan Review","n/a","C & S RESTAURANTS","PO BOX 5779","TITUSVILLE","FL","32783","US","321.264.2011","sachinrshenoy@yahoo.com","",""
"D4","Brevard","CHICK-FIL-A AT PALM BAY ROAD FSR","835 PALM BAY RD","WEST MELBOURNE","32904","321-733-7110","00770@chick-fil-a.com","Approved with Provisos","09/11/2025","09/11/2025","Remodel","Seating","282982","1765751","1505057","3027/Request Plan Review","n/a","PROPITIOUSLY INCORPORATED","441 SANDY KY","MELBOURNE BEACH","FL","32951","US","404-765-8000","bseago@interplanllc.com","321-543-6109","00770@chick-fil-a.com"
"D4","Brevard","SUNNYSIDE CAFE WEST MELBOURNE","1220 W NEW HAVEN AVE STE 100","MELBOURNE","32904","321-443-1307","leandrobadiglian@yahoo.com","Approved with Provisos","09/17/2025","10/01/2025","New Construction","Seating","372970","1767010","1507404","1034/Plan Review and Initial (COMBO SEAT)","n/a","ULTRA BADIGLIAN ENT INC","1220 W NEW HAVEN AVE STE 100","MELBOURNE","FL","32904","US","321-443-1307","leandrobadiglian@yahoo.com","321-443-1307","leandrobadiglian@yahoo.com"
"D4","Brevard","MELBOURNE KITCHEN","55 E NASA BLVD","MELBOURNE","32901","908-296-0270","melbournekitchenfl@gmail.com","Approved with Provisos","09/17/2025","09/26/2025","New Construction","Seating","372975","1767486","1507372","1034/Plan Review and Initial (COMBO SEAT)","n/a","MELBOURNE KITCHEN LLC","55 E NASA BLVD","MELBOURNE","FL","32901","US","908-296-0270","melbournekitchenfl@gmail.com","908-296-0270","melbournekitchenfl@gmail.com"
"D4","Brevard","TACO MEXTIZO","3815 N  HWY US 1 SUITE 105","COCOA","32926","321-305-4331","","Approved with Provisos","09/19/2025","12/02/2025","Remodel","Seating","361968","1767584","1505883","3027/Request Plan Review","n/a","TACO MEXTIZO LLC","3815 N  HWY US 1 SUITE 105","COCOA","FL","32926","US","321-305-4331","","",""
"D4","Brevard","NAMI'S KOREAN BISTRO","24 S BABCOCK ST","MELBOURNE","32901","321-456-7689","","Approved with Provisos","10/01/2025","10/13/2025","New Construction","Seating","373354","1784493","1507379","1034/Plan Review and Initial (COMBO SEAT)","n/a","NAMI'S KOREAN BISTRO LLC","8605 SEYMOURIA WAY","MELBOURNE","FL","32940","US","321-456-7689","namikbistro@gmail.com","321-456-7689","namikbistro@gmail.com"
"D4","Brevard","FATBURGER","2115 VIERA BLVD STE 108","ROCKLEDGE","32955","","","Approved with Provisos","10/03/2025","10/14/2025","New Construction","Seating","373459","1785230","1507418","1034/Plan Review and Initial (COMBO SEAT)","n/a","FB VIERA INC","3208 LAMANGA DR","VIERA","FL","32940","US","818.257.0860","","",""
"D4","Brevard","JUICI PATTIES","1153 MALABAR RD NE UNIT 1","PALM BAY","32907","617-438-2866","anadu@msn.com","Approved with Provisos","10/06/2025","10/20/2025","New Construction","Seating","373544","1785836","1507401","1034/Plan Review and Initial (COMBO SEAT)","n/a","ISLAND FLAVOR PATTIES INTERNATIONAL LLC","410 MERCER ST NW","PALM BAY","FL","32907","US","617-438-2866","anadu@msn.com","617-438-2866","anadu@msn.com"
"D4","Brevard","CHIPOTLE MEXICAN GRILL STORE 5752","4521 ANDROMEDA RD","WEST MELBOURNE","32904","","","Approved with Provisos","10/07/2025","10/15/2025","New Construction","Seating","373559","1785937","1507408","1034/Plan Review and Initial (COMBO SEAT)","n/a","CHIPOTLE MEXICAN GRILL OF COLORADO LLC","PO BOX 182566","COLUMBUS","OH","43218","US","","fl.5752.spacecoast@chipotle.com","6143182482","fl.5752.spacecoast@chipotle.com"
"D4","Brevard","FRUITS WAVE","2 N ATLANTIC AVE #3","COCOA BEACH","32931","321-399-1234","","Approved with Provisos","10/08/2025","10/22/2025","New Construction","Seating","373596","1786573","1507381","1034/Plan Review and Initial (COMBO SEAT)","n/a","NCOG1 LLC","109 LONG POINT RD","CAPE CANAVERAL","FL","32920","US","321-399-1234","","",""
"D4","Brevard","WINNER'S CLUB","1100 N WICKHAM RD","MELBOURNE","32935","321-259-9800","","Approved with Provisos","10/10/2025","09/22/2026","Remodel","Seating","187898","1787088","1503860","3027/Request Plan Review","n/a","MELBOURNE GREYHOUND PARK LLC","","","","","","321-259-9800","","",""
"D4","Brevard","WINNER'S CLUB","1100 N WICKHAM RD","MELBOURNE","32935","321-259-9800","","Approved with Provisos","10/10/2025","12/30/2025","Remodel","Seating","187898","1787088","1503860","3027/Request Plan Review","n/a","MELBOURNE GREYHOUND PARK LLC","","","","","","321-259-9800","","",""
"D4","Brevard","MARKER 24 RIVERFRONT, LLC","1360 S BANANA RIVER DR","MERRITT ISLAND","32952","321.453.7888","Marker24marina@gmail.com","Approved with Provisos","10/23/2025","02/17/2026","Remodel","Seating","340393","1789399","1507132","3027/Request Plan Review","n/a","MARKER 24 RIVERFRONT, LLC","","","","","","321.453.7888","Marker24marina@gmail.com","",""
"D4","Brevard","MARKER 24 RIVERFRONT, LLC","1360 S BANANA RIVER DR","MERRITT ISLAND","32952","321.453.7888","Marker24marina@gmail.com","Approved with Provisos","10/23/2025","08/25/2026","Remodel","Seating","340393","1789399","1507132","3027/Request Plan Review","n/a","MARKER 24 RIVERFRONT, LLC","","","","","","321.453.7888","Marker24marina@gmail.com","",""
"D4","Brevard","MARKER 24 RIVERFRONT, LLC","1360 S BANANA RIVER DR","MERRITT ISLAND","32952","321.453.7888","Marker24marina@gmail.com","Approved with Provisos","10/23/2025","11/05/2025","Remodel","Seating","340393","1789399","1507132","3027/Request Plan Review","n/a","MARKER 24 RIVERFRONT, LLC","","","","","","321.453.7888","Marker24marina@gmail.com","",""
"D4","Brevard","HEALTH BAR","696 CHENEY HWY","TITUSVILLE","32780","","","Approved with Provisos","10/24/2025","11/05/2025","New Construction","Seating","374058","1789560","1507388","1034/Plan Review and Initial (COMBO SEAT)","n/a","THE HEALTH BAR TITUSVILLE LLC","1386 FEATHER SOUND","ROCKLEDGE","FL","32955","US","518-925-0030","","518-925-0030",""
"D4","Brevard","EGGS UP GRILL","2023 N ATLANTIC AVE","COCOA BEACH","32931","321-732-8951","","Approved with Provisos","10/27/2025","11/06/2025","New Construction","Seating","374090","1789787","1507403","1034/Plan Review and Initial (COMBO SEAT)","n/a","SCR COCOA BEACH LLC","2023 N ATLANTIC AVE","COCOA BEACH","FL","32931","US","321-508-3566","chris@scrbrands.com","321-508-3566","eugcocoabeach@outlook.com"
"D4","Brevard","TEXAS ROADHOUSE","1181 MALABAR RD","PALM BAY","32907","321-733-2939","STORE_PALMBAY@TEXASROADHOUSE.COM","Approved with Provisos","10/28/2025","11/25/2025","Remodel","Seating","225368","1790137","1505684","3027/Request Plan Review","n/a","TEXAS ROADHOUSE HOLDINGS LLC","6040 DUTCHMANS LN","LOUISVILLE","KY","40205","US","502-426-9984","licensingrenewals@texasroadhouse.com","502-426-9984","licensingrenewals@texasroadhouse.com"
"D4","Brevard","COCOA BEACH WESTIN RESORT & SPA-TERRA FINA, LOBBY BAR,GRAB N GO","1300 N ATLANTIC AVE","COCOA BEACH","32931","561-207-2715","","Approved with Provisos","10/29/2025","12/17/2025","New Construction","","374151","1790511","","1034/Plan Review and Initial (COMBO SEAT)","n/a","DAD 1300 N ATLANTIC COCOA LLC","11770 N US HWY 1 STE 202","NORTH PALM BEACH","FL","33408","US","561-207-2715","PMcKane@dhmhotels.com","561-207-2715","PMcKane@dhmhotels.com"
"D4","Brevard","KELSEYS PIZZERIA","6811 N  US HWY 1","COCOA","32927","","Orexi2025@gmail.com","Approved with Provisos","10/29/2025","11/17/2025","Remodel","Seating","366757","1790528","1502308","3027/Request Plan Review","n/a","OREXI LLC","746 CRESTLINE LN NE","PALM BAY","FL","32907","US","3213687819","asimeniamirodias@gmail.com","3213687819","asimeniamirodias@gmail.com"
"D4","Brevard","SHACK RIVERFRONT LLC","4845 DIXIE HWY NE","PALM BAY ","32905","321-693-6700","rk1@theshackpb.com","Approved with Provisos","11/01/2025","12/10/2025","New Construction","Seating","318494","1791037","1500269","3027/Request Plan Review","n/a","THE SHACK RIVERFRONT LLC","4845 DIXIE HWY NE","PALM BAY","FL","32905","US","321-693-6700","rk1@theshackpb.com","321-693-6700","rk1@theshackpb.com"
"D4","Brevard","SPACE COAST GOLF CLUB","3915 SAVANNAHS TRL","MERRITT ISLAND","32953-8605","321-848-0582","gary@venetianbaygolf.com","Approved with Provisos","11/05/2025","05/12/2026","Remodel","Seating","372261","1791727","1503724","3027/Request Plan Review","n/a","COASTAL FAIRWAYS MANAGEMENT LLC","3915 SAVANNAHS TRL","MERRITT ISLAND","FL","32953-8605","US","321-848-0582","Gary@venetianbaygolf.com","321-848-0582","gary@venetianbaygolf.com"
"D4","Brevard","SPACE COAST GOLF CLUB","3915 SAVANNAHS TRL","MERRITT ISLAND","32953-8605","321-848-0582","gary@venetianbaygolf.com","Approved with Provisos","11/05/2025","11/18/2025","Remodel","Seating","372261","1791727","1503724","3027/Request Plan Review","n/a","COASTAL FAIRWAYS MANAGEMENT LLC","3915 SAVANNAHS TRL","MERRITT ISLAND","FL","32953-8605","US","321-848-0582","Gary@venetianbaygolf.com","321-848-0582","gary@venetianbaygolf.com"
"D4","Brevard","SUSHI MOD","5360 N ATLANTIC AVE STE A","COCOA BEACH","32931","321-607-8800","robertsho1021@hotmail.com","Approved with Provisos","11/10/2025","12/04/2025","New Construction","Seating","374268","1792303","1507386","1034/Plan Review and Initial (COMBO SEAT)","n/a","9 DECILLION FASHION FOOD LLC","5360 N ATLANTIC AVE STE A","COCOA BEACH","FL","32931","US","941-855-1331","robertsho1021@hotmail.com","941-855-1331","robertsho1021@hotmail.com"
"D4","Brevard","BARBECUE 24-7 #TU COCINITA BORINQUBANA","4500 DIXIE HWY NE STE 2","PALM BAY","32905","321-324-4668","barbecue247@gmail.com","Approved with Provisos","11/11/2025","02/04/2026","New Construction","","374478","1792466","","1034/Plan Review and Initial (COMBO SEAT)","n/a","TU COCINITA BORINQUBANA LLC","566 SKINNER TER SE","PALM BAY","FL","32909","US","321-324-4668","barbecue247@gmail.com","321-324-4668","barbecue247@gmail.com"
"D4","Brevard","DEL TACO","3580 CHENEY HWY #200","TITUSVILLE","32780","321-225-4218","singhgroupdeltaco@gmail.com","Approved with Provisos","11/12/2025","11/25/2025","New Construction","Seating","374520","1792673","1507385","1034/Plan Review and Initial (COMBO SEAT)","n/a","TITUSVILLE 1 LLC","3580 CHENEY HWY #200","TITUSVILLE","FL","32780","US","321-225-4218","singhgroupdeltaco@gmail.com","321-225-4218","singhgroupdeltaco@gmail.com"
"D4","Brevard","SALT & EMBER TAVERN","3209 DEL WEBB CIR UNIT CLUBHOUSE","MELBOURNE","32940","321.421.7541","eric.baker@pulte.com","Approved with Provisos","11/14/2025","12/23/2025","New Construction","Seating","374570","1793152","1507397","1034/Plan Review and Initial (COMBO SEAT)","n/a","DEL WEBB AT VIERA HOMEOWNERS ASSOCIATION","3209 DEL WEBB CIRCLE","MELBOURNE","FL","32940","US","407.661.4774","eric.baker@pulte.com","407.661.4774","eric.baker@pulte.com"
"D4","Brevard","TACO BELL #30349","7850 N WICKHAM RD","MELBOURNE","32940","321.939.2924","arosen@cflpizza.com","Approved with Provisos","11/14/2025","12/08/2025","Remodel","Seating","287745","1793263","1506631","3027/Request Plan Review","n/a","BRAVO FOODS LLC","PO BOX 58727","RALEIGH","NC","27658","US","321.939.2924","arosen@cflpizza.com","9195717055","CelebrationRGController@tjtpa.com"
"D4","Brevard","CULVER'S OF WICKHAM RD","4611 N WICKHAM RD","MELBOURNE","32935","321-241-6737","CULVERS1058@CULVERSOFMELBOURNE.COM","Approved with Provisos","11/21/2025","12/01/2025","New Construction","Seating","374813","1794640","1507415","1034/Plan Review and Initial (COMBO SEAT)","n/a","RL WICKHAM ROAD LLC","950 MALABAR RD SW STE 110807","PALM BAY","FL","32911","US","262-515-0204","CULVERS1058@CULVERSOFMELBOURNE.COM","262-515-0204","CULVERS1058@CULVERSOFMELBOURNE.COM"
"D4","Brevard","MELBOURNE SEAFOOD STATION","865 PALM BAY RD NE #100","MELBOURNE","32904","813-390-2949","","Approved with Provisos","11/25/2025","12/10/2025","Remodel","Seating","308550","1795149","1506802","3027/Request Plan Review","n/a","MISS STORE 1 LLC","1065 BRYCE LN","WEST MELBOURNE","FL","32904","US","813-390-2949","NICK@MELBOURNESEAFOODSTATION.COM","813-390-2949",""
"D4","Brevard","ABBOTT'S FROZEN CUSTARD","2445 N COURTENAY PKWY STE B","MERRITT ISLAND","32953","321-305-4300","schambers@abbottscustard.com","Approved with Provisos","12/09/2025","12/18/2025","New Construction","Seating","375216","1806244","1507389","1034/Plan Review and Initial (COMBO SEAT)","n/a","NSPG OHANA LLC","5151 S TROPICAL TRL","MERRITT ISLAND","FL","32952","US","321-794-0559","schambers@abbottscustard.com","321-794-0559","schambers@abbottscustard.com"
"D4","Brevard","RAKISUTA MODERN SUSHI","5380 STADIUM PKWY STE 111 & 113","ROCKLEDGE","32955","917.582.8252","rakisutamodern@gmail.com","Approved with Provisos","12/10/2025","01/05/2026","New Construction","Seating","375247","1806479","1507407","1034/Plan Review and Initial (COMBO SEAT)","n/a","LUCKY STAR 2025 INC","5380 STADIUM PKWY STE 111 & 113","ROCKLEDGE","FL","32955","US","9175828252","rakisutamodern@gmail.com","917.582.8252","rakisutamodern@gmail.com"
"D4","Brevard","COCOA BEACH WESTIN RESORT & SPA- MOON CITY DINER, WAX SHACK","1300 N ATLANTIC AVE","COCOA BEACH","32931","561-207-2715","","Approved with Provisos","12/11/2025","06/22/2026","New Construction","","375314","1806859","","1034/Plan Review and Initial (COMBO SEAT)","n/a","DAD 1300 N ATLANTIC COCOA LLC","11770 N US HWY 1 STE 202","NORTH PALM BEACH","FL","33408","US","561-207-2715","PMcKane@dhmhotels.com","561-207-2715","PMcKane@dhmhotels.com"
"D4","Brevard","J DUB'S SEAFOOD","1638 N HARBOR CITY BLVD","MELBOURNE","32935","407.342.3268","DIRECTSFD8511@GMAIL.COM","Approved with Provisos","12/11/2025","12/19/2025","New Construction","Seating","375317","1806875","1507399","1034/Plan Review and Initial (COMBO SEAT)","n/a","J DUB'S SEAFOOD LLC","169 MARTESIA WAY","INDIAN HARBOUR BEACH","FL","32935","US","407.342.3268","DIRECTSFD8511@GMAIL.COM","407.342.3268","DIRECTSFD8511@GMAIL.COM"
"D4","Brevard","BURGER KING #5990","2500 N WICKHAM RD","MELBOURNE","32935","(321) 242-8494","BK5990Mgr@qdi.com","Approved with Provisos","12/15/2025","12/30/2025","Remodel","Seating","365401","1807214","1502877","3027/Request Plan Review","n/a","BRAVOFLORIDA LLC","4220 EDISON LAKES PKWY STE 300","MISHAWAKA","IN","46545","US","813-239-4609","TMURDOCK@QDI.COM","(574) 271-4600","sshockey@qdi.com"
"D4","Brevard","ISLAND THINGZ","1155 MALABAR RD NE 15","PALM BAY","32907","","","Approved with Provisos","12/22/2025","01/09/2026","Remodel","Seating","365575","1808492","1505657","3027/Request Plan Review","n/a","ISLAND THINGZ CARIBBEAN RESTAURANT LLC","1155 MALABAR RD NE 15","PALM BAY","FL","32907","US","516-640-9452","bb@brownssbakery.com","516-640-9452","bb@brownssbakery.com"
"D4","Brevard","SUGAR SHACK BBQ","101 BROAD ST","TITUSVILLE","32796","321-225-4413","keith@sugarshackbbq.co","Approved with Provisos","12/31/2025","02/11/2026","Remodel","Seating","368636","1809262","1507084","3027/Request Plan Review","n/a","SUGAR SHACK BBQ LLC","101 BROAD ST","TITUSVILLE","FL","32796","US","620-474-3560","keith@sugarshackbbq.co","620-474-3560","keith@sugarshackbbq.co"
"D4","Brevard","SURFIN COW","174 CANAVERAL PLAZA BLVD","COCOA BEACH","32931","321-613-0004","","Approved with Provisos","01/07/2026","01/14/2026","New Construction","Seating","375727","1810017","1507391","1034/Plan Review and Initial (COMBO SEAT)","n/a","THE SURFIN COW LLC","498 OAK COVE RD","TITUSVILLE","FL","32780","US","763-248-0405","6surfincow@gmail.com","763-248-0405","6surfincow@gmail.com"
"D4","Brevard","PARRISH GROVE INN","536 DELANNOY AVE","COCOA","32922","321-977-0622","info@theparrishgroveinn.com","Approved with Provisos","01/08/2026","01/21/2026","New Construction","Seating","375771","1810361","1507392","1034/Plan Review and Initial (COMBO SEAT)","n/a","THE PARRISH GROVE INN OF COCOA VILLAGE LLC","3915 OLD SETTLEMENT RD","MERRITT ISLAND","FL","32952","US","321-324-6737","kristisanders321@gmail.com","321-324-6737","kristisanders321@gmail.com"
"D4","Brevard","MARKER 24 RIVERFRONT, LLC","1360 S BANANA RIVER DR","MERRITT ISLAND","32952","321.453.7888","Marker24marina@gmail.com","Approved with Provisos","01/20/2026","02/17/2026","Remodel","Seating","340393","1812481","1507132","3027/Request Plan Review","n/a","MARKER 24 RIVERFRONT, LLC","","","","","","321.453.7888","Marker24marina@gmail.com","",""
"D4","Brevard","MARKER 24 RIVERFRONT, LLC","1360 S BANANA RIVER DR","MERRITT ISLAND","32952","321.453.7888","Marker24marina@gmail.com","Approved with Provisos","01/20/2026","08/25/2026","Remodel","Seating","340393","1812481","1507132","3027/Request Plan Review","n/a","MARKER 24 RIVERFRONT, LLC","","","","","","321.453.7888","Marker24marina@gmail.com","",""
"D4","Brevard","ZERO GRAVITY WINE BAR","4356 S HOPKINS AVE","TITUSVILLE","32780","","","Approved with Provisos","01/21/2026","01/29/2026","New Construction","Seating","376026","1812499","1507394","1030/Initial Plan Review (SEAT)","n/a","RANDOMS EST. 2019 LLC","401 PAUL WASHINGTON PL","COCOA","FL","32927","US","407-692-5334","","407-692-5334",""
"D4","Brevard","FAIRFIELD INN & SUITES","2450 NORTH HWY A1A","MELBOURNE","32903","321-335-7035","sean@360hospitalitygroup.com","Approved with Provisos","01/22/2026","02/18/2026","New Construction","Seating","376084","1812849","1507396","1034/Plan Review and Initial (COMBO SEAT)","n/a","PARADISE A1A LLC","301 TUCKER LN","COCOA","FL","32926","US","321-336-8093","april@360hospitalitygroup.com","321-336-8093","april@360hospitalitygroup.com"
"D4","Brevard","STEVOS PIZZA BAR","3935 US HWY 1 N STES A & B","COCOA","32926","","","Approved with Provisos","02/07/2026","02/25/2026","Remodel","Seating","354375","1827515","1503713","3027/Request Plan Review","n/a","ISENBLETTER STEVEN","3935 US HWY 1 N STES A & B","COCOA","FL","32926","US","","","321-631-2001",""
"D4","Brevard","MY ISLAND PANCAKE HOUSE","165  BARTON BLVD","ROCKLEDGE ","32955","321-230-3560","Miph001@att.net","Approved with Provisos","02/11/2026","02/23/2026","Remodel","Seating","327723","1828504","1504802","3027/Request Plan Review","n/a","MERRITT ISLAND PANCAKE HOUSE LLC","1820 INDEPENDENCE AVE","MELBOURNE","FL","32940","US","3212303560","steve5559024@yahoo.com","3212303560","steve5559024@yahoo.com"
"D4","Brevard","SPACE COAST GOLF CLUB","3915 SAVANNAHS TRL","MERRITT ISLAND","32953-8605","321-848-0582","gary@venetianbaygolf.com","Approved with Provisos","02/11/2026","05/12/2026","Remodel","Seating","372261","1828538","1503724","3027/Request Plan Review","n/a","COASTAL FAIRWAYS MANAGEMENT LLC","3915 SAVANNAHS TRL","MERRITT ISLAND","FL","32953-8605","US","321-848-0582","Gary@venetianbaygolf.com","321-848-0582","gary@venetianbaygolf.com"
"D4","Brevard","JUICE N' JAVA CAFE","75 N ORLANDO AVE","COCOA BEACH","32931","321-784-4044","","Approved with Provisos","02/17/2026","03/09/2026","Remodel","Seating","347756","1829195","1505871","3027/Request Plan Review","n/a","SALTY VIDA LLC","75 N ORLANDO AVE","COCOA BEACH","FL","32931","US","321-784-4044","juicenjavacb@gmail.com","321-784-4044","juicenjavacb@gmail.com"
"D4","Brevard","JUPITER PETRO","2235 JUPITER BLVD SW","PALM BAY","32908","321-636-7110","skpatel@skmgt.com","Approved with Provisos","02/19/2026","06/08/2026","New Construction","","376817","1829795","","1034/Plan Review and Initial (COMBO SEAT)","n/a","JUPITER PETRO LLC","577 BARNES BLVD STE 650","ROCKLEDGE","FL","32955","US","321-636-7110","skpatel@skmgt.com","321-636-7110","skpatel@skmgt.com"
"D4","Brevard","JUPITER PETRO","2235 JUPITER BLVD SW","PALM BAY","32908","321-636-7110","skpatel@skmgt.com","In process","02/19/2026","","","","376817","1829795","","1034/Plan Review and Initial (COMBO SEAT)","n/a","JUPITER PETRO LLC","577 BARNES BLVD STE 650","ROCKLEDGE","FL","32955","US","321-636-7110","skpatel@skmgt.com","321-636-7110","skpatel@skmgt.com"
"D4","Brevard","SO-JU CHIKN'","1270 N WICKHAM RD STE 2","MELBOURNE","32935","321.989.8745","tonyn101583@gmail.com","Approved with Provisos","02/25/2026","06/17/2026","Remodel","Seating","340509","1831001","1507088","3027/Request Plan Review","n/a","TONY & HUNG LLC","","","","","","321.989.8745","tonyn101583@gmail.com","",""
"D4","Brevard","LOYD HAVE MERCY","3434 S WASHINGTON AVE","TITUSVILLE","32780","321.269.1008","","Approved with Provisos","03/04/2026","03/13/2026","Remodel","Seating","286311","1832531","1506608","3027/Request Plan Review","n/a","LOYD HAVE MERCY LLC","3434 S WASHINGTON AVE","TITUSVILLE","FL","32780","US","(321) 607-2124","loydhavemercy@gmail.com","(321) 607-2124",""
"D4","Brevard","BURRRBERRIES","4700 BABCOCK ST NE UNIT 23","PALM BAY","32905","","","Approved with Provisos","03/10/2026","03/30/2026","New Construction","Seating","377304","1833085","1507412","1034/Plan Review and Initial (COMBO SEAT)","n/a","BURBERRIES LLC","4700 BABCOCK ST NE UNIT 23","PALM BAY","FL","32905","US","321-368-9776","","321-368-9776",""
"D4","Brevard","CRYDERMANS BARBECUE MELBOURNE","766 SAINT CLAIR ST","MELBOURNE","32935","321-615-4932","","Approved with Provisos","03/10/2026","03/26/2026","New Construction","","377324","1833212","","1034/Plan Review and Initial (COMBO SEAT)","n/a","CRYDERMANS BARBECUE MELBOURNE LLC","504 FALMOUTH AVE","MERRITT ISLAND","FL","32952","US","321-615-4932","","321-615-4932",""
"D4","Brevard","SALTY BAGEL","223 W HIBISCUSS BLVD","MELBOURNE","32901","","","Approved with Provisos","03/13/2026","03/25/2026","New Construction","Seating","377421","1833897","1507428","1034/Plan Review and Initial (COMBO SEAT)","n/a","EMERALD HALLI LLC","423 EMERALD DR S","INDIAN HARBOUR BEACH","FL","32937","US","910-297-0348","bbtcorrigan@aol.com","910-297-0348","bbtcorrigan@aol.com"
"D4","Brevard","SPACE COAST GOLF CLUB","3915 SAVANNAHS TRL","MERRITT ISLAND","32953-8605","321-848-0582","gary@venetianbaygolf.com","Approved with Provisos","03/14/2026","05/12/2026","Remodel","Seating","372261","1833994","1503724","3027/Request Plan Review","n/a","COASTAL FAIRWAYS MANAGEMENT LLC","3915 SAVANNAHS TRL","MERRITT ISLAND","FL","32953-8605","US","321-848-0582","Gary@venetianbaygolf.com","321-848-0582","gary@venetianbaygolf.com"
"D4","Brevard","DUNKIN'","1209 N HARBOR CITY BLVD","MELBOURNE","32935","860-614-2708","LEMOSPROPERTIES@GMAIL.COM","Approved with Provisos","03/16/2026","03/24/2026","New Construction","","377471","1834196","","1034/Plan Review and Initial (COMBO SEAT)","n/a","EAU GALLIE COFFEE LLC","10395 NARCOOSSEE RD STE 100","ORLANDO","FL","32832","US","860-614-2708","LEMOSPROPERTIES@GMAIL.COM","860-614-2708","LEMOSPROPERTIES@GMAIL.COM"
"D4","Brevard","RADISSON RESORT AT THE PORT","8701 ASTRONAUT BLVD","CAPE CANAVERAL","32920","407-784-0000","","Approved with Provisos","03/17/2026","04/24/2026","Remodel","Seating","101130","1834301","1504398","3027/Request Plan Review","n/a","COCOA BEACH MOTEL INC","2210 SOUTH ATLANTIC AVE","COCOA BEACH","FL","32931","US","","","321-784-2318","accounting@cocoabeachsurf.com"
"D4","Brevard","DA SUSHI ISLAND","1580 E MERRITT ISLAND CSWY","MERRITT ISLAND","32952","321-338-7333","dsisland1580@gmail.com","Approved with Provisos","03/20/2026","03/30/2026","New Construction","Seating","377603","1834893","1507410","1034/Plan Review and Initial (COMBO SEAT)","n/a","DA SUSHI ISLAND INC","1580 E MERRITT ISLAND CSWY","MERRITT ISLAND","FL","32952","US","321-313-0311","dsisland1580@gmail.com","321-313-0311","dsisland1580@gmail.com"
"D4","Brevard","TASTY THAI","7954 N WICKHAM RD STE 121","MELBOURNE","32940","3212414258","TASTYTHAISUSHI@GMAIL.COM","Incomplete","03/23/2026","03/31/2026","Remodel","Seating","373076","1835301","1507032","3027/Request Plan Review","n/a","RW TRUE THAI LLC","7954 N WICKHAM RD STE 121","MELBOURNE","FL","32940","US","3212414258","TASTYTHAISUSHI@GMAIL.COM","",""
"D4","Brevard","TASTY THAI","7954 N WICKHAM RD STE 121","MELBOURNE","32940","3212414258","TASTYTHAISUSHI@GMAIL.COM","Approved with Provisos","03/23/2026","05/13/2026","Remodel","Seating","373076","1835301","1507032","3027/Request Plan Review","n/a","RW TRUE THAI LLC","7954 N WICKHAM RD STE 121","MELBOURNE","FL","32940","US","3212414258","TASTYTHAISUSHI@GMAIL.COM","",""
"D4","Brevard","WESTIN BEACH RESORT & SPA-BANQUET KITCHEN","1300 N ATLANTIC AVE","COCOA BEACH","32931","561-207-2715","","Approved with Provisos","03/23/2026","05/26/2026","New Construction","","377657","1835315","","1034/Plan Review and Initial (COMBO SEAT)","n/a","DAD 1300 N ATLANTIC COCOA LLC","11770 N US HWY 1 STE 202","NORTH PALM BEACH","FL","33408","US","561-207-2715","PMcKane@dhmhotels.com","561-207-2715","PMcKane@dhmhotels.com"
"D4","Brevard","XPRESS COMMISSARY PARTNERS LLC","3280 SUNTREE BLVD STE 105","MELBOURNE","32940","4074857780","moisesarcelay3@yahoo.com","Approved with Provisos","03/27/2026","07/15/2026","New Construction","Non-Seating","377714","1836366","1507430","1031/Initial Plan Review (NOST)","n/a","XPRESS COMMISSARY PARTNERS LLC","1325 SANDSTONE RUN","SANFORD","FL","32771","US","4074857780","","4074857780",""
"D4","Brevard","COSMIK TIKI","101 N ATLANTIC AVE","COCOA BEACH","32931","321-794-2225","noel@cosmiktiki.com","Approved with Provisos","03/27/2026","05/01/2026","Remodel","Seating","368823","1836434","1507339","3027/Request Plan Review","n/a","COSMIK TIKI LLC","101 N ATLANTIC AVE","COCOA BEACH","FL","32931","US","321-794-2225","noel@cosmiktiki.com","540-230-9855","noel@cosmiktiki.com"
"D4","Brevard","TROPICAL SMOOTHIE CAFE","9179 BABCOCK ST STE 102","PALM BAY","32905","","tsc.fl.443@gmail.com","Approved with Provisos","03/27/2026","03/30/2026","New Construction","","377556","1836435","","1034/Plan Review and Initial (COMBO SEAT)","n/a","C & M TROPICS LLC","985 NEWTON CIR","ROCKLEDGE","FL","32955","US","","tsc.fl.443@gmail.com","","tsc.fl.443@gmail.com"
"D4","Brevard","WHISKEY BAY","700 WEST AVE","COCOA","32927","713-357-8418","BOTTOMLINESIGNS@GMAIL.COM","Approved with Provisos","03/26/2026","04/27/2026","New Construction","Seating","377795","1846672","1507417","1034/Plan Review and Initial (COMBO SEAT)","n/a","WB PSJ LLC","700 WEST AVE","COCOA","FL","32927","US","713-301-3735","BOTTOMLINESIGNS@GMAIL.COM","713-357-8418","BOTTOMLINESIGNS@GMAIL.COM"
"D4","Brevard","DUNKIN","3000 LAKE WASHINGTON RD","MELBOURNE","32934","321-419-3399","Chris.hill@patelmanagement.com","Approved with Provisos","03/30/2026","04/23/2026","New Construction","Seating","377820","1846922","1507416","1034/Plan Review and Initial (COMBO SEAT)","n/a","DD FOODS LAKE WASHINGTON","991  STINSON WAY","WEST PALM BEACH","FL","33411","US","321-419-3399","Chris.hill@patelmanagement.com","561-360-2051","Falguni.Patel@Patelmanagement.com"
"D4","Brevard","SUSHIMO","125 E MERRITT ISLAND CSWY STE 115","MERRITT ISLAND","32952","321-848-0308","","Approved with Provisos","04/06/2026","04/28/2026","New Construction","Seating","378002","1848488","1507423","1034/Plan Review and Initial (COMBO SEAT)","n/a","SUSHIMO LLC","125 E MERRITT ISLAND CSWY STE 115","MERRITT ISLAND","FL","32952","US","407-250-0888","incorp@mslulucpa.com","321-848-0309","125KOISUSHI115@GMAIL.COM"
"D4","Brevard","SUNSHINE ESPRESSO","2975 W NEW HAVEN AVE","MELBOURNE","32904","321-408-9318","sunshineespresso3@gmail.com","Approved with Provisos","04/09/2026","04/13/2026","Remodel","Seating","365224","1849121","1507317","3027/Request Plan Review","n/a","SUNSHINE ESPRESSO LLC","2376 DAKOTA DR","MELBOURNE","FL","32935","US","352-530-0879","sunshineespresso3@gmail.com","352-530-0879","sunshineespresso3@gmail.com"
"D4","Brevard","SURF CLUB HAUS","102  N BREVARD AVE","COCOA BEACH","32931","321-613-2209","","Approved with Provisos","04/19/2026","07/08/2026","New Construction","Seating","378371","1850814","1507427","1034/Plan Review and Initial (COMBO SEAT)","Approved","NEWS AT THE BEACH LLC","20 OLIVE ST","COCOA BEACH","FL","32931","US","321-276-2983","jessk117@gmail.com","321-480-4688",""
"D4","Brevard","HILTON COCOA BEACH OCEANFRONT RESORT","1550 N ATLANTIC AVE","COCOA BEACH","32931","321.799.0003","","Approved with Provisos","04/20/2026","05/21/2026","Remodel","Seating","293432","1850932","1502164","3027/Request Plan Review","n/a","1550 NORTH ATLANTIC LLC","11770 US 1 N #202","NORTH PALM BEACH","FL","33408","US","850.207.2778","jgerstenfeld@dhmhotels.com","561.207.2778","jgerstenfeld@dhmhotels.com"
"D4","Brevard","PHA'YA THAI & SUSHI RESTAURANT","130 ST JOHNS HERITAGE PKWY NW #106","PALM BAY","32907","571-330-5016","phayathai26@gmail.com","Approved with Provisos","04/20/2026","05/06/2026","New Construction","","378411","1851028","","1034/Plan Review and Initial (COMBO SEAT)","n/a","PHA'YA THAI & SUSHI INC","PO BOX 110041","PALM BAY","FL","32911","US","571-330-5016","phayathai26@gmail.com","571-330-5016","phayathai26@gmail.com"
"D4","Brevard","SUGAR AUNTS CATERING KITCHEN AND ALFRESCO","125 S TROPICAL TRL","MERRITT ISLAND","32952","321-305-4424","","Incomplete","04/21/2026","05/07/2026","Remodel","Seating","368983","1851136","1507024","3027/Request Plan Review","n/a","SUGAR AUNTS LLC #2","50 N SUZANNE CT","MERRITT ISLAND","FL","32952","US","321-537-4158","","321-750-4284",""
"D4","Brevard","PINEAPPLES","1434 PINEAPPLE AVENUE","MELBOURNE","32935","321.499.1400","ERNEST@PINEAPPLESEGAD.COM","Approved with Provisos","04/21/2026","04/30/2026","Remodel","Seating","332055","1851233","1507020","3027/Request Plan Review","n/a","PINEAPPLES EGAD LLC","1434 PINEAPPLE AVENUE","MELBOURNE","FL","32935","US","321.446.1353","MIKE@PINEAPPLESEGAD.COM","321.499.1400","MIKE@PINEAPPLESEGAD.COM"
"D4","Brevard","OLYMPIA CAFE","1512 S HARBOR CITY BLVD","MELBOURNE","32901","321-676-8910","RUSSEH37@AOL.COM","Approved with Provisos","04/22/2026","05/27/2026","Remodel","Seating","368606","1851512","1506190","3027/Request Plan Review","n/a","EARL FAULKNOR ENTERPRISES LLC","1512 S HARBOR CITY BLVD","MELBOURNE","FL","32901","US","321-676-8910","RUSSEH37@AOL.COM","321-676-8910","RUSSEH37@AOL.COM"
"D4","Brevard","PITA PARADISE","227  W COCOA BEACH CSWY","COCOA BEACH","32931","321-784-4874","ppatadise321@gmail.com","Approved with Provisos","04/27/2026","05/29/2026","New Construction","Seating","378609","1852176","1507424","1034/Plan Review and Initial (COMBO SEAT)","n/a","PARADISE P LLC","227 W COCOA BEACH CSWY","COCOA BEACH","FL","32931","US","321-784-4874","ppatadise321@gmail.com","321-784-4874","ppatadise321@gmail.com"
"D4","Brevard","PALM BAY COMMISSARY","4590 BABCOCK ST STE 105","PALM BAY","32905","407.900.4250","sales@orlandocaterers.com","Approved with Provisos","04/29/2026","05/15/2026","Remodel","Non-Seating","377461","1852434","1507414","3027/Request Plan Review","n/a","PALM BAY COMMISSARY LLC","1020 W MICHIGAN ST","ORLANDO","FL","32805","US","407.900.4250","sales@orlandocaterers.com","407.900.4250","sales@orlandocaterers.com"
"D4","Brevard","MALABAR MO'S","2805 MALABAR ROAD","MALABAR","32950","321-806-0318","spiritedspinliquorshop@gmail.com","Approved with Provisos","05/05/2026","07/07/2026","Remodel","Seating","367202","1853632","1502909","3027/Request Plan Review","n/a","GOKULESH OF MALABAR LLC","","","","","","321-806-0318","spiritedspinliquorshop@gmail.com","",""
"D4","Brevard","HOME2 SUITES BY HILTON MELBOURNE RIALTO PLACE","85 RIALTO PL","MELBOURNE","32901","305-747-6153","chris.desai@baywoodhotels.com","Approved with Provisos","05/06/2026","05/20/2026","New Construction","","378870","1853784","","1034/Plan Review and Initial (COMBO SEAT)","n/a","MELBOURNE LODGING LLC","3785 NW 82 AVE","MIAMI","FL","33166","US","305-747-6153","chris.desai@baywoodhotels.com","305-747-6153","chris.desai@baywoodhotels.com"
"D4","Brevard","CHICK-FIL-A AT MALABAR ROAD FSR","1130 MALABAR RD SE","PALM BAY","32907","321.499.4630","03039@chick-fil-a.com","Approved with Provisos","05/13/2026","06/03/2026","Remodel","Seating","282983","1854799","1506368","3027/Request Plan Review","n/a","PROPITIOUSLY INCORPORATED","4444 SANDY KY","MELBOURNE BEACH ","FL","32951","US","321.543.6109","bswashburn@earthlink.net","321.543.6109","scottsandywashburn@yahoo.com"
"D4","Brevard","COA STEAKHOUSE","65 N ATLANTIC AVE UNITS 1-3","COCOA BEACH","32931","321-490-0881","","Approved with Provisos","05/14/2026","05/28/2026","Remodel","Seating","362589","1854940","1507320","3027/Request Plan Review","n/a","ROCKET RESTAURANT GROUP LLC","65 N ATLANTIC AVE UNITS 1-3","COCOA BEACH","FL","32931","US","407-730-5571","","239-776-4327",""
"D4","Brevard","CAYENA FOOD GARDEN","1480 HIGHLAND AVE STE B","MELBOURNE","32935","917-485-8097","robert@cayenafoodgarden.com","In process","03/08/2026","","","","377268","1855683","","1034/Plan Review and Initial (COMBO SEAT)","n/a","CAYENA FOOD GARDEN LLC","1480 HIGHLAND AVE STE B","MELBOURNE","FL","32935","US","917-485-9087","robert@cayenafoodgarden.com","917-485-9087","robert@cayenafoodgarden.com"
"D4","Brevard","WABI SABI","455 N COURTENAY PKWY","MERRITT ISLAND","32953","321-452-0507","","Approved with Provisos","05/20/2026","06/03/2026","Remodel","Seating","190703","1856188","1504658","3027/Request Plan Review","n/a","WABI SABI","455 N COURTENAY PKWY","MERRITT ISLAND","FL","32953","US","321-298-1529","akempainsurance@gmail.com","321-298-1529","akempainsurance@gmail.com"
"D4","Brevard","EL AMBIA CUBANO","950 E MELBOURNE AVE","MELBOURNE","32901","321-216-7221","elambiacubano@gmail.com","Approved with Provisos","05/23/2026","06/10/2026","Remodel","Seating","229791","1856304","1506116","3027/Request Plan Review","n/a","EL AMBIA CUBANO INC","2506 FOREST DR","MELBOURNE","FL","32901","US","321-216-7221","elambiacubano@gmail.com","321-216-7221","cubaneo1962@gmail.com"
"D4","Brevard","HENRYS CUBAN CAFE #5","5600  N HARBOR CITY BLVD, 4","MELBOURNE","32940","321-890-9034","henryscubancafe@gmail.com","Approved with Provisos","05/27/2026","06/10/2026","New Construction","Seating","379350","1856786","1507435","1034/Plan Review and Initial (COMBO SEAT)","n/a","VALDES KITCHEN INC","1006 GARLENDA AVE SW","PALM BAY","FL","32908","US","321-890-9034","henryscubancafe@gmail.com","321-890-9034","henryscubancafe@gmail.com"
"D4","Brevard","VILLAGE TAP","409 DELANNOY AVE UNIT 08&09","COCOA","32922","407-375-2363","acevedojoey98@gmail.com","Approved with Provisos","05/29/2026","05/29/2026","New Construction","Seating","379052","1857141","1507422","1034/Plan Review and Initial (COMBO SEAT)","n/a","ALL AMERICAN PUB CORP","34 E MAIN ST","APOPKA","FL","32703","US","407-552-5416","acevedojoey1989@gmail.com","",""
"D4","Brevard","BANGKOK STYLE THAI STREET FOOD 3","3865 N WICKHAM RD","MELBOURNE","32935","321-914-6700","","In process","06/01/2026","","","","379446","1857392","","1031/Initial Plan Review (NOST)","n/a","BANGKOK STYLE THAI LLC","523 REMBRANDT","PALM BAY","FL","32909","US","321-914-6700","NUNGBUNAIAMSRI@YAHOO.COM","321-914-6700",""
"D4","Brevard","TURNING POINT OF VIERA","1995 VIERA BLVD STE 104","ROCKLEDGE","32955","321-260-2960","info@tpbbl.com","Approved with Provisos","06/09/2026","06/30/2026","New Construction","Seating","379825","1858889","1507426","1034/Plan Review and Initial (COMBO SEAT)","n/a","TURNING POINT OF ROCKLEDGE FL LLC","1605 NJ 35 2ND FLOOR","OAKHURST","NJ","07755","US","321-260-2960","info@tpbbl.com","732-837-3144","kruoff@tpbbl.com"
"D4","Brevard","GRAV SOUTH WINE BAR","4356 S HOPKINS AVE","TITUSVILLE","32780","321-404-8466","wine@gravsouth.com","Approved with Provisos","06/15/2026","06/30/2026","New Construction","Seating","379955","1859706","1507425","1034/Plan Review and Initial (COMBO SEAT)","n/a","GRAV SOUTH HOSPITALITY LLC","4356 S HOPKINS AVE","TITUSVILLE","FL","32780","US","321-404-8466","wine@gravsouth.com","321-404-8466","wine@gravsouth.com"
"D4","Brevard","GRAV SOUTH WINE BAR","4356 S HOPKINS AVE","TITUSVILLE","32780","321-404-8466","wine@gravsouth.com","Approved with Provisos","06/15/2026","08/24/2026","Remodel","Seating","379955","1859706","1507425","1034/Plan Review and Initial (COMBO SEAT)","n/a","GRAV SOUTH HOSPITALITY LLC","4356 S HOPKINS AVE","TITUSVILLE","FL","32780","US","321-404-8466","wine@gravsouth.com","321-404-8466","wine@gravsouth.com"
"D4","Brevard","DRIFTWOODS COASTAL GRILL INC","3665 S WASHINGTON AVE","TITUSVILLE","32780","3212254550","","Approved with Provisos","06/15/2026","06/30/2026","Remodel","Seating","378304","1859918","1502344","3027/Request Plan Review","n/a","DRIFTWOODS COASTAL GRILL INC","","","","","","3212254550","sachinrshenoy@yahoo.com","",""
"D4","Brevard","FIREHOUSE SUBS","130 ST JOHNS HERITAGE PKWY NW #105","PALM BAY","32907","321-243-7761","tatiana.bucy@firehousesubs.com","Approved with Provisos","06/24/2026","07/16/2026","New Construction","","380227","1861027","","1034/Plan Review and Initial (COMBO SEAT)","n/a","T&A SANDWICHES LLC","PO BOX 110085","PALM BAY","FL","32911","US","321-243-7761","tatiana.bucy@firehousesubs.com","321-243-7761",""
"D4","Brevard","ROCKET BAGELS ROCKLEDGE","566 BARTON BLVD STE 10","ROCKLEDGE","32955","3474301250","rocketbagelsrockledge@gmail.com","Approved with Provisos","06/27/2026","09/10/2026","New Construction","Seating","380308","1861379","1507442","1034/Plan Review and Initial (COMBO SEAT)","n/a","ROCKET SPACE LLC","566 BARTON BLVD STE 10","ROCKLEDGE","FL","32955","US","3212087671","rocketbagelsrockledge@gmail.com","3212087671","rocketbagelsrockledge@gmail.com"
"D4","Brevard","CAPT'N TONY'S TRAVELERS TABLE","5450  STADIUM PKWY","VIERA","32940","321-243-0844","tucknstuff1@gmail.com","Approved with Provisos","07/07/2026","07/24/2026","New Construction","Seating","379834","1862448","1507429","1034/Plan Review and Initial (COMBO SEAT)","n/a","TUCKNSTUFF LLC","5450 STADIUM PKWY","VIERA","FL","32940","US","321-243-0844","tucknstuff1@gmail.com","321-243-0844","tucknstuff1@gmail.com"
"D4","Brevard","WINGS & THINGS","4651 BABCOCK ST STE 3","PALM BAY","32905","3217277778","MBMCWilliamsFamily@gmail.com","Approved with Provisos","07/15/2026","08/03/2026","Remodel","Seating","317729","1863355","1506425","3027/Request Plan Review","n/a","MBMC WILLIAMS WINGS & THINGS INC","4651 BABCOCK ST NE, SUITE 3","PALM BAY","FL","32905","US","3219876665","WingsandthingsPalmBay@gmail.com","3217277778","WingsandthingsPalmBay@gmail.com"
"D4","Brevard","FISHLIPS WATERFRONT BAR & GRILL","610 GLEN CHEEK DR","CAPE CANAVERAL","32920","321 784 4533","","Approved with Provisos","07/20/2026","09/17/2026","Remodel","Seating","185994","1864010","1504429","3027/Request Plan Review","n/a","FISHLIPS WATERFRONT BAR & GRILL INC","610 GLEN CHEEK DR","PORT CANAVERAL","FL","32920","US","407 460 7443","FISHLIPSBAR@AOL.COM","321.784.4533","FISHLIPSBAR@AOL.COM"
"D4","Brevard","JOE'S CRAB SHACK","2250 FRONT ST","MELBOURNE","32901","321-729-6558","","Approved with Provisos","07/23/2026","08/27/2026","Remodel","Seating","100580","1872852","1501931","3027/Request Plan Review","n/a","CHLN INC","1510 WEST LOOP S","HOUSTON","TX","77027","US","713-386-7191","MCARLSON@LDRY.COM","713-386-7191","MCARLSON@LDRY.COM"
"D4","Brevard","MARKER 24 RIVERFRONT, LLC","1360 S BANANA RIVER DR","MERRITT ISLAND","32952","321.453.7888","Marker24marina@gmail.com","Approved with Provisos","08/03/2026","08/25/2026","Remodel","Seating","340393","1873928","1507132","3027/Request Plan Review","n/a","MARKER 24 RIVERFRONT, LLC","","","","","","321.453.7888","Marker24marina@gmail.com","",""
"D4","Brevard","CHIPOTLE MEXICAN GRILL - STORE #6070","9143 BABCOCK ST","PALM BAY","32909","380-222-7248","","Approved with Provisos","08/04/2026","08/20/2026","New Construction","","381357","1874306","","1034/Plan Review and Initial (COMBO SEAT)","n/a","CHIPOTLE MEXICAN GRILL OF COLORADO LLC","PO BOX 182566","COLUMBUS","OH","43218","US","380-222-7248","HEATHER.CONLEY@CHIPOTLE.COM","380-222-7248","HEATHER.CONLEY@CHIPOTLE.COM"
"D4","Brevard","BLEU BEACH RESORT CORP","501  MIRAMAR AVE","INDIALANTIC","32903","321-984-0516","emre@lukeinvestments.com","Approved with Provisos","08/07/2026","09/04/2026","Remodel","Seating","343244","1874717","1507115","3027/Request Plan Review","n/a","BLEU BEACH RESORT CORP","712 CASS AVE","DETROIT","MI","48226","US","561-301-2800","emre@lukeinvestments.com","561-301-2800","emre@lukeinvestments.com"
"D4","Brevard","FUEGO PAELLA COMPANY","4590 BABCOCK ST, SUITE 105","PALM BAY","32905","(321) 338-0111","john.merlino143@gmail.com","In process","08/07/2026","","","Non-Seating","381351","1874733","1507431","1031/Initial Plan Review (NOST)","n/a","FUEGO PAELLA COMPANY, LLC","780 MONTCLAIR RD NE","PALM BAY","FL","32905","US","(321) 338-0111","john.merlino143@gmail.com","(321) 338-0111","john.merlino143@gmail.com"
"D4","Brevard","GRAV SOUTH WINE BAR","4356 S HOPKINS AVE","TITUSVILLE","32780","321-404-8466","wine@gravsouth.com","Approved with Provisos","08/10/2026","08/24/2026","Remodel","Seating","379955","1874910","1507425","3027/Request Plan Review","n/a","GRAV SOUTH HOSPITALITY LLC","4356 S HOPKINS AVE","TITUSVILLE","FL","32780","US","321-404-8466","wine@gravsouth.com","321-404-8466","wine@gravsouth.com"
"D4","Brevard","CHIPOTLE MEXICAN GRILL - STORE #6250","1090 N WICKHAM RD","MELBOURNE","32935","380-222-7248","","Approved with Provisos","08/11/2026","08/26/2026","New Construction","","381518","1875285","","1034/Plan Review and Initial (COMBO SEAT)","n/a","CHIPOTLE MEXICAN GRILL OF COLORADO LLC","PO BOX 182566","COLUMBUS","OH","43218","US","380-222-7248","HEATHER.CONLEY@CHIPOTLE.COM","380-222-7248","HEATHER.CONLEY@CHIPOTLE.COM"
"D4","Brevard","FLAME HIBACHI","3237 GARDEN ST UNIT A","TITUSVILLE ","32796","3868986675","","Approved with Provisos","08/20/2026","09/15/2026","New Construction","Seating","381797","1876953","1507436","1030/Initial Plan Review (SEAT)","n/a","FLAME HIBACHI TSV LLC","2510 S WASHINGTON AVE STE 160","TITUSVILLE","FL","32780","US","3868986675","FLAMEHIBACHITSV@GMAIL.COM","3868986675","royaltsvbill@gmail.com"
"D4","Brevard","POPS CHICAGO STYLE EATS LLC","4700 BABCOCK ST","PALM BAY","32905","3864449503","PopsChicagoStyleEats@gmail.com","Approved with Provisos","08/25/2026","09/09/2026","New Construction","Seating","381896","1877632","1507441","1034/Plan Review and Initial (COMBO SEAT)","n/a","CHICAGO STYLE EATS LLC","4700 BABCOCK ST","PALM BAY","FL","32905","US","3864449503","PopsChicagoStyleEats@gmail.com","3864449503","PopsChicagoStyleEats@gmail.com"
"D4","Brevard","CROSSROAD JERK CENTER","777 E MERRITT ISLAND CSWY J8","MERRITT ISLAND","32952","3214995715","lorasnaith38@yahoo.com","In process","08/26/2026","","","","381948","1877937","","1034/Plan Review and Initial (COMBO SEAT)","n/a","CROSSROAD JERK CENTER","777 E MERRITT ISLAND CSWY J8","MERRITT ISLAND","FL","32952","US","3214995715","lorasnaith38@yahoo.com","3214995715","lorasnaith38@yahoo.com"
"D4","Brevard","WINNER'S CLUB","1100 N WICKHAM RD","MELBOURNE","32935","321-259-9800","","Approved with Provisos","08/26/2026","09/22/2026","Remodel","Seating","187898","1877951","1503860","3027/Request Plan Review","n/a","MELBOURNE GREYHOUND PARK LLC","","","","","","321-259-9800","","",""
"D4","Brevard","JOY JAPAN SUSHI&HIBACHI","9179 BABCOCK ST SE STE 105","PALM BAY","32909","9174998807","joyjapanpalmbay@gmail.com","Approved with Provisos","08/29/2026","09/09/2026","New Construction","Seating","382015","1878394","1507440","1034/Plan Review and Initial (COMBO SEAT)","n/a","JOY JAPAN PALM BAY LLC","9179 BABCOCK ST SE STE 105","PALM BAY","FL","32909","US","9174998807","joyjapanpalmbay@gmail.com","9174998807",""
"D4","Brevard","PALM VERDE FLORIDA","849 E NEW HAVEN AVE","MELBOURNE","32901","7542267858","palmverdeflorida@gmail.com","Approved with Provisos","09/03/2026","09/16/2026","New Construction","","382138","1879283","","1034/Plan Review and Initial (COMBO SEAT)","n/a","PALM VERDE MELBOURNE LLC","849 E NEW HAVEN AVE","MELBOURNE","FL","32901","US","7542267858","palmverdeflorida@gmail.com","7542267858","palmverdeflorida@gmail.com"
"D4","Brevard","DRIFTERS SURF RESTRO","1875 S PATRICK DR E","INDIAN HARBOUR BEACH","32937","941.284.7125","graffiticr@me.com","Approved with Provisos","09/04/2026","09/17/2026","Remodel","Seating","358475","1879447","1506881","3027/Request Plan Review","n/a","GROUPO SIN ZAPATOS INC","1875 S PATRICK DR E","INDIAN HARBOUR BEACH","FL","32937","US","941.284.7125","graffiticr@me.com","941.284.7125","graffiticr@me.com"
"D4","Brevard","BARBECUE 24-7 #TU COCINITA BORINQUBANA","4500 DIXIE HWY NE STE 2","PALM BAY","32905","3213244668","barbecue247@gmail.com","Approved with Provisos","09/09/2026","09/29/2026","New Construction","","382263","1880018","","1034/Plan Review and Initial (COMBO SEAT)","n/a","TU COCINITA BORINQUBANA LLC","566 SKINNER TER","PALM BAY","FL","32909","US","3213244668","barbecue247@gmail.com","3213244668","barbecue247@gmail.com"
"D4","Brevard","GARNER HOTEL","4418 HWY-46","MIMS","32754","3865892277","","In process","09/15/2026","","","","382429","1880968","","1034/Plan Review and Initial (COMBO SEAT)","n/a","PRIMERISE LLC","4418 HWY-46","MIMS","FL","32754","US","3865892277","","3865892277",""
"D4","Brevard","DEN","1419 HIGHLAND AVE","MELBOURNE","32935","7869140804","","In process","09/19/2026","","","","382571","1881979","","1030/Initial Plan Review (SEAT)","n/a","EGAD SUSHI BOYS LLC","587 W EAU GALLIE BLVD #201","MELBOURNE","FL","32935","US","7869140804","Info@DenEGAD.com","7869140804",""
"D4","Brevard","MOON RIVER CAFE & CURIOSITIES","728 E NEW HAVEN AVE","MELBOURNE","32901","","kathryn.a.broderick@gmail.com","Approved with Provisos","09/22/2026","10/02/2026","Remodel","Seating","367646","1882384","1507323","3027/Request Plan Review","n/a","MOON RIVER CAFE LLC","728 E NEW HAVEN AVE","MELBOURNE","FL","32901","US","321-408-7474","kathryn.a.broderick@gmail.com","321-408-7474","kathryn.a.broderick@gmail.com"
"D4","Brevard","CASA","1565 SARNO RD","MELBOURNE","32935","4075779989","","In process","09/28/2026","","","","382808","1883513","","1034/Plan Review and Initial (COMBO SEAT)","n/a","CAFE CASA LLC","483 FERNANDINA ST NW","PALM BAY","FL","32907","US","4074779989","cafecasafl@gmail.com","4075779989","torresangelee@gmail.com"
"D4","Brevard","NONE","2045 ATLANTIC AVE N","COCOA BEACH","32931","215-317-0394","karenjeansr@comcast.net","In process","09/30/2026","","","","382884","1899234","","1031/Initial Plan Review (NOST)","n/a","BEACHSIDE PRETZELS INC.","","","","","","215-317-0394","karenjeansr@comcast.net","",""
"D4","Brevard","PEAKS CAFE","1889 S. PATRICK DRIVE ","INDIAN HARBOUR BEACH","32937","8083212349","PEAKSCAFE1889@GMAIL.COM","In process","10/02/2026","","","","382954","1899825","","1034/Plan Review and Initial (COMBO SEAT)","n/a","PEAKS CAFE LLC","","","","","","8083212349","Peakscafe1889@gmail.com","",""
"D4","Orange","VILLAS AT THE DISNEY INSTITUTE","3300 DOPEY DR","ORLANDO","32830","407-828-1671","","Approved with Provisos","08/04/2025","08/14/2025","Remodel","Theme Park","261","1342","5807464","3027/Request Plan Review","n/a","WALT DISNEY WORLD CO","1375 E BUENA VISTA DRIVE","LAKE BUENA VISTA","FL","32830","US","321-395-1653","shaji.george@disney.com","407.913.4111","scott.mousseau@disney.com"
"D4","Orange","YORKSHIRE COUNTY FISH SHOP","3300 BONNETT CREEK DR","BAY LAKE","32830","(407)828-1671","","Approved with Provisos","10/06/2025","10/09/2025","Remodel","Theme Park","264","1344","5807467","3027/Request Plan Review","n/a","WALT DISNEY PARKS AND RESORTS US INC","1375 E BUENA VISTA","LAKE BUENA VISTA","FL","32830","US","678-612-6706","buck.d.flatford@disney.com","",""
"D4","Orange","PICANTE Y SABOR FOOD","929  W. MICHIGAN ST","ORLANDO","32805","407-630-1779","info@orlandocaterers.com","In process","04/04/2025","","","Catering","12965","51162","5811839","1030/Initial Plan Review","n/a","PICANTE Y SABOR FOOD LLC","532 SABAL LAKE DR , 110","LONGWOOD,","FL","32779","US","407-630-1779","latinflavors@picanteysabor.com","407-630-1779","latinflavors@picanteysabor.com"
"D4","Orange","EXPERIENCES BY TIFFAS","929 W MICHIGAN STREET","ORLANDO","32805","4077579240","info@orlandocaterers.com","In process","04/15/2025","","","Catering","12902","51269","5811844","1030/Initial Plan Review","n/a","EXPERIENCESBYTIFFAS LLC","5412  REGAL OAK CIR","ORLANDO","FL","32810","US"," 929-642-6781","experiencesbytiffas22@gmail.com"," 929-642-6781","experiencesbytiffas22@gmail.com"
"D4","Orange","ANGELA'S CUSINE","11787 INTERNATIONAL DR #118","ORLANDO","32821","407-448-9183","INFO@THELICENSEPRO.COM","In process","05/20/2025","","","Catering","13072","51583","5811852","1030/Initial Plan Review","n/a","ANGELA'S CUSINE LLC","","","","","","407-448-9183","INFO@THELICENSEPRO.COM","",""
"D4","Orange","OVATIONS FOOD SERVICES DR PHILLIPS CENTER KITCHEN","155 E ANDERSON ST","ORLANDO","32801","407.839.0779","jenna.rogers@drphillipscenter.org","Approved with Provisos","07/25/2025","08/15/2025","Remodel","Catering","9284","52029","5811527","3027/Request Plan Review","n/a","SPECTRA US LLC","155 E ANDERSON ST","ORLANDO","FL","32801","US","407.839.0779","victor.romero@oakviewgroup.com","407.839.0119","victor.romero@oakviewgroup.com"
"D4","Orange","LA FONDA DE DANNY","6405 RALEIGH ST","ORLANDO","32835","407-501-2862","LIZ.CASTILLO@1985CO.CO","In process","08/18/2025","","","Catering","13210","52489","5811861","1030/Initial Plan Review","n/a","DANNY PRODUCTIONS LLC","469 RIVER RAPID RUN","SAINT CLOUD","FL","34771","US","407-501-2862","LIZ.CASTILLO@1985CO.CO","407-501-2862","LIZ.CASTILLO@1985CO.CO"
"D4","Orange","CHEESY DREAMS","9640 BOGGY CREEK RD, UNIT 5","ORLANDO","32824","","","In process","08/18/2025","","","Catering","13211","52492","5811862","1030/Initial Plan Review","n/a","CHEESY DREAMS LLC","9914 TIVOLI VILLA DR","ORLANDO","FL","32829","US","240-938-4879","cheesydreams9@gmail.com","240-938-4879","cheesydreams9@gmail.com"
"D4","Orange","SHARCUTERIE CART","1020 W. MICHIGAN STREET","ORLANDO","32805","(407) 706-7195","sharcuteriecart@gmail.com","In process","10/02/2025","","","Catering","13308","53359","5811868","1030/Initial Plan Review","n/a","SHARCUTERIE CART, LLC","24  SWEETWATER CREEK CIR","OVIEDO","FL","32765","US","(407) 706-7195","sharcuteriecart@gmail.com","4077067195"," sharcuteriecart@gmail.com"
"D4","Orange","NIBBLE BIT OF THIS 'N THAT LLC","1020 W. MICHIGAN ST","ORLANDO","32805","(352) 352-1371","summer@nibblebitofthisnthat.com","In process","10/13/2025","","","Catering","13323","53459","5811870","1030/Initial Plan Review","n/a","NIBBLE BIT OF THIS 'N THAT LLC","2150  NW 21ST AVE APT 224","OCALA","FL","34475","US","(352) 352-1371","summer@nibblebitofthisnthat.com","(352) 352-1371","summer@nibblebitofthisnthat.com"
